Patient ID	Sample ID	Cancer Study	Cancer Type	Cancer Type Detailed	Overall Survival Status	Overall Survival Status	Mutation Load	Neo-antigen Load	Cytolytic Score	ESTIMATE Immune Score	CIBERSORT Absolute	ESTIMATE Stromal Score	ESTIMATE Score	CBSET T cells CD8	CBSET Macrophages M0	CBSET Macrophages M1	CBSET Macrophages M2	CBSET T cells CD4 memory activated	CBSET Dendritic cells activated	HLA-A	HLA-B	HLA-C	Durable Clinical Benefit	M Stage	Previous MAPKi	Sex	Disease Free status	Number of Samples Per Patient	Age at Diagnosis	Tumor Site	Cohort	Dosage	HLA_DPA1	HLA_DPB1	HLA_DQA1	HLA_DQB1	HLA_DRB1	Ploidy	Purity	RAF_RAS Status	Response Duration (Weeks)	Serum Lactate Dehydrogenase	Somatic Status	TMB (nonsynonymous)	Treatment Response	Tumor Sample Histology	Tumor Site	Tumor Stage	Age at Diagnosis	Biopsy Time	CBSET B cells memory	CBSET B cells naive	CBSET Dendritic cells resting	CBSET Eosinophils	CBSET Mast cells activated	CBSET Mast cells resting	CBSET Monocytes	CBSET Neutrophils	CBSET NK cells activated	CBSET NK cells resting	CBSET Plasma cells	CBSET T cells CD4 memory resting	CBSET T cells CD4 naive	CBSET T cells follicular helper	CBSET T cells gamma delta	CBSET T cells regulatory (Tregs)	CIBERSORT Correlation	CIBERSORT P-value	CIBERSORT RMSE	Oncotree Code	Primary Tumor Site	Treatment
Pt1	Pt1	mel_ucla_2016	Melanoma	Melanoma	1:DECEASED	1:DECEASED	1974	2265	19.48	1350.28	0.92	989.3	2339.58	0.14	0.07	0.1	0.23	0.04	0	A0101/A0201	B4001/B4402	C0304/C0501	PD	M1b	No	Female		1										5.4	0.25				Matched	63.0	Non-responder				66	Pre-treatment	0	0.02	0.03	0	0	0.06	0.04	0	0	0	0.01	0.13	0	0.03	0	0.01	0.06	0.2	1.06	MEL	L post. Thigh, inf., SC	Pembrolizumab
Pt10	Pt10	mel_ucla_2016	Melanoma	Melanoma	0:LIVING	0:LIVING	260	100	1.3	-139.89	0.35	54.17	-85.72	0	0.2	0	0.01	0	0.01	A0201/A0201	B4001/B4001	C0304/C0304	PD	M1a	Yes	Male		1										4.6	0.63				Matched	8.26666666667	Non-responder				60	Pre-treatment	0.02	0	0	0	0.01	0	0	0.03	0	0	0	0	0	0.05	0	0	0.11	0.09	1.11	MEL	Neck, SC	Pembrolizumab
Pt11	Pt11	mel_ucla_2016	Melanoma	Melanoma	1:DECEASED	1:DECEASED	267	417												A0101/A0301	B1801/B5701	C0501/C0602	PD	M1c	No	Male		1										3.1	0.72				Matched	8.66666666667	Non-responder				37	On-treatment																				MEL	L face, C	Pembrolizumab
Pt12	Pt12	mel_ucla_2016	Melanoma	Melanoma	1:DECEASED	1:DECEASED	148	143	5.97	299.46	0.38	306.08	605.54	0	0.14	0.01	0.1	0	0	A0101/A2402	B3508/B5201	C0401/C1202	PD	M1c	No	Male		1										3.6	0.66				Matched	4.5	Non-responder				59	Pre-treatment	0	0	0	0	0.01	0.03	0.03	0	0	0.01	0	0.03	0	0.02	0	0	0.13	0.08	1.07	MEL	L lower abdomen, SC	Pembrolizumab
Pt13	Pt13	mel_ucla_2016	Melanoma	Melanoma	0:LIVING	0:LIVING	519	1014	32.07	2179.61	1.05	878.05	3057.65	0.24	0.1	0.1	0.18	0.05	0	A2501/A3101	B3901/B4001	C0304/C1203	CR	M1c	No	Female		1										2.2	0.48				Matched	16.5333333333	Responder				53	Pre-treatment	0	0.01	0.01	0.01	0.04	0	0.15	0	0.04	0	0	0.09	0	0.03	0	0.01	0.3	0.01	0.96	MEL	Lower back, SC	Pembrolizumab
Pt14	Pt14	mel_ucla_2016	Melanoma	Melanoma	0:LIVING	0:LIVING	1271	2814	14.47	943.57	0.57	420.85	1364.42	0.03	0	0.04	0.24	0	0	A0101/A0301	B0801/B3501	C0401/C0701	PD	M1c	No	Female		1										3.1	0.54				Matched	40.9	Non-responder				27	Pre-treatment	0	0	0	0	0.15	0	0.01	0.01	0.02	0	0	0.04	0	0.01	0.01	0	0.28	0.01	0.99	MEL	R neck, SC	Pembrolizumab
Pt15	Pt15	mel_ucla_2016	Melanoma	Melanoma	1:DECEASED	1:DECEASED	857	825	13.63	1307.1	0.74	-326.05	981.05	0.17	0.01	0.1	0.26	0.01	0	A0201/A2402	B5101/B5801	C0102/C0302	PR	M1b	Yes	Male		1										2.7	0.5				Matched	26.7666666667	Responder				70	Pre-treatment	0.06	0	0.01	0	0	0.01	0.01	0	0	0	0.01	0	0	0.07	0	0	0.14	0.06	1.03	MEL	R clavicle, LN	Pembrolizumab
Pt16	Pt16	mel_ucla_2016	Melanoma	Melanoma	1:DECEASED	1:DECEASED	595	528	7.09	1338.05	0.67	-88.91	1249.14	0.01	0.2	0	0.04	0.02	0.02	A0201/A0201	B4901/B5101	C1502/C1504	PD	M1b	Yes	Male		1										2.2	0.28				Matched	18.7	Non-responder				19	On-treatment	0	0.02	0	0	0.03	0	0.09	0.17	0	0.04	0.01	0.01	0	0.01	0	0	0.22	0.02	1.03	MEL	Lung	Pembrolizumab
Pt17	Pt17	mel_ucla_2016	Melanoma	Melanoma	1:DECEASED	1:DECEASED	703	813												A0101/A2402	B0801/B4405	C0202/C0701	PD	M1a	No	Male		1										2.1	0.47				Matched	22.7	Non-responder				67	On-treatment																				MEL	Scalp, SC	Pembrolizumab
Pt18	Pt18	mel_ucla_2016	Melanoma	Melanoma	0:LIVING	0:LIVING	204	227												A0201/A2402	B4001/B4402	C0304/C0501	PR	M1c	No	Male		1										3.4	0.52				Matched	6.33333333333	Responder				64	Pre-treatment																				MEL	R Axilla, LN	Pembrolizumab
Pt19	Pt19	mel_ucla_2016	Melanoma	Melanoma	0:LIVING	0:LIVING	716	870	8.15	1019.28	0.43	-120.33	898.94	0.09	0.17	0.02	0.05	0	0	A0201/A0301	B0702/B5101	C0202/C0702	PR	M1c	No	Male		1										3.4	0.62				Matched	22.5333333333	Responder				45	Pre-treatment	0	0.03	0	0	0.01	0	0	0	0.02	0	0.01	0	0	0.04	0	0	0.19	0.04	1.03	MEL	Chest, SC	Pembrolizumab
Pt2	Pt2	mel_ucla_2016	Melanoma	Melanoma	0:LIVING	0:LIVING	2122	4060	7.83	1300.91	0.56	-472.87	828.03	0.07	0.02	0.03	0.18	0	0	A0301/A3101	B0702/B1801	C0701/C0702	PR	M1c	No	Male		1										3.9	0.53				Matched	68.3666666667	Responder				55	Pre-treatment	0	0	0	0	0.03	0	0.05	0.02	0.04	0	0	0.06	0	0.04	0.02	0	0.11	0.11	1.05	MEL	Lung	Pembrolizumab
Pt20	Pt20	mel_ucla_2016	Melanoma	Melanoma	1:DECEASED	1:DECEASED	722	1313	134.96	3062.63	1.44	114.77	3177.41	0.56	0.12	0.13	0.13	0.1	0	A0301/A2501	B0801/B1302	C0602/C0701	PD	M1c	No	Female		1										3	0.23				Matched	22.7333333333	Non-responder				63	Pre-treatment	0.02	0.01	0.01	0	0.01	0	0.01	0	0.08	0	0.02	0	0	0.11	0.11	0.01	0.08	0.15	1.09	MEL	L clavicle	Pembrolizumab
Pt21	Pt21	mel_ucla_2016	Melanoma	Melanoma	1:DECEASED	1:DECEASED	112	224												A0301/A2902	B1801/B3503	C0401/C0701	PR	M1b	No	Male		1										3.8	0.95				Matched	3.56666666667	Responder				60	Pre-treatment																				MEL	Lung	Pembrolizumab
Pt22	Pt22	mel_ucla_2016	Melanoma	Melanoma	1:DECEASED	1:DECEASED	266	263	24.76	2442.45	1.4	1815.16	4257.61	0.19	0.02	0.12	0.37	0.02	0	A0101/A0201	B2705/B3701	C0202/C0602	PD	M1c	No	Male		1										2.1	0.25				Matched	8.3	Non-responder				55	Pre-treatment	0.02	0	0.01	0	0	0.03	0.18	0	0.05	0	0.14	0.18	0	0.06	0	0	0.18	0.04	1.01	MEL	Left Flank, SC	Pembrolizumab
Pt23	Pt23	mel_ucla_2016	Melanoma	Melanoma	1:DECEASED	1:DECEASED	331	330	30.12	2112.72	1.11	978.43	3091.15	0.18	0.1	0.1	0.35	0.04	0	A0201/A1101	B4402/B4402	C0501/C0501	PD	M1c	Yes	Male		1										2.2	0.36				Matched	10.4	Non-responder				63	Pre-treatment	0	0	0.04	0	0	0.02	0.06	0.06	0.08	0	0	0	0	0.08	0	0	0.32	0.01	0.96	MEL	Left Leg, SC	Pembrolizumab
Pt24	Pt24	mel_ucla_2016	Melanoma	Melanoma	1:DECEASED	1:DECEASED	405	473												A2601/A2902	B2704/B4001	C0304/C1502	PR	M1c	No	Male		1										2.9	0.95				Matched	12.7333333333	Responder				70	Pre-treatment																				MEL	L Inguinal, LN	Pembrolizumab
Pt25	Pt25	mel_ucla_2016	Melanoma	Melanoma	1:DECEASED	1:DECEASED	163	219	40.21	1589.33	0.54	-153.38	1435.94	0.21	0	0.04	0.11	0.02	0	A2501/A2601	B1801/B3801	C1203/C1203	PD	M1c	Yes	Male		1										4.1	0.67				Matched	5.1	Non-responder				74	Pre-treatment	0	0.01	0	0	0	0	0.04	0	0.02	0	0	0	0	0.04	0.04	0	0.05	0.27	1.1	MEL	L Outer Inguinal	Pembrolizumab
Pt26	Pt26	mel_ucla_2016	Melanoma	Melanoma	0:LIVING	0:LIVING	1286	3197												A0301/A3201	B3501/B3801	C0401/C1203	CR	M1c	Yes	Male		1										3.4	0.17				Matched	41.7	Responder				71	On-treatment																				MEL	L Inguinal	Pembrolizumab
Pt27	Pt27	mel_ucla_2016	Melanoma	Melanoma	0:LIVING	0:LIVING	1200	1238	24.19	1720.2	0.73	235.5	1955.69	0.18	0	0.11	0.22	0.05	0	A0301/A1101	B4402/B5601	C0102/C0501	CR	M1c	No	Male		1										2.2	0.8				Matched	37.8666666667	Responder				83	Pre-treatment	0	0.03	0.01	0	0	0	0.06	0	0.03	0	0.01	0	0	0.04	0	0	0.16	0.05	1.03	MEL	R upper arm	Pembrolizumab
Pt28	Pt28	mel_ucla_2016	Melanoma	Melanoma	1:DECEASED	1:DECEASED	933	2012	1.96	734.81	0.6	-704.63	30.18	0	0.13	0	0.04	0.01	0.09	A0101/A3301	B1402/B5701	C0602/C0802	PR	M1c	No	Male		1										2	0.29				Matched	30.0333333333	Responder				82	Pre-treatment	0	0	0.02	0	0.02	0.01	0	0.02	0	0.04	0.01	0.12	0	0.08	0	0.02	0.14	0.06	1.03	MEL	Scalp, SC	Pembrolizumab
Pt29	Pt29	mel_ucla_2016	Melanoma	Melanoma	1:DECEASED	1:DECEASED	313	437	23.98	1724.62	1.08	220.36	1944.98	0.24	0	0.13	0.29	0.02	0	A0201/A0201	B4402/B5701	C0501/C0602	PD	M1c	Yes	Male		1										3.8	0.41				Matched	10.0	Non-responder				84	Pre-treatment	0	0.06	0	0	0	0	0.04	0	0.03	0	0.02	0.09	0	0.09	0.07	0	0.13	0.07	1.04	MEL	Lung	Pembrolizumab
Pt3	Pt3	mel_ucla_2016	Melanoma	Melanoma	1:DECEASED	1:DECEASED	863	334												A2901/A6801	B0705/B2705	C0202/C1505	PR	M1c	No	Male		1										2.2	0.79				Matched	27.8	Responder				58	Pre-treatment																				MEL	Bowel	Pembrolizumab
Pt30	Pt30	mel_ucla_2016	Melanoma	Melanoma	1:DECEASED	1:DECEASED	573	1051												A0301/A0301	B0702/B3501	C0401/C0702	PD	M1c	No	Female		1										2.7	0.23				Matched	18.5666666667	Non-responder				80	Pre-treatment																				MEL	Retrocecal mass	Pembrolizumab
Pt31	Pt31	mel_ucla_2016	Melanoma	Melanoma	0:LIVING	0:LIVING	606	955	11.58	814.21	0.51	7.6	821.81	0.07	0.17	0.03	0.03	0.01	0.01	A0101/A0301	B0801/B4402	C0501/C0701	PD	M1c	No	Male		1										2.9	0.53				Matched	19.1	Non-responder				47	Pre-treatment	0	0.01	0	0	0.03	0	0.04	0	0	0.05	0.01	0.02	0	0.04	0	0	0.06	0.2	1.07	MEL	Sigmoid colon	Pembrolizumab
Pt32	Pt32	mel_ucla_2016	Melanoma	Melanoma	1:DECEASED	1:DECEASED	184	350	13.5	510.56	0.59	415.05	925.61	0.07	0.17	0.02	0.13	0.01	0	A1101/A6801	B1803/B3501	C0401/C0701	PD	M1c	Yes	Male		1										3.5	0.72				Matched	5.8	Non-responder				47	Pre-treatment	0.01	0	0	0	0	0	0.06	0	0	0.02	0.01	0.09	0	0.01	0	0	0.19	0.04	1.02	MEL	Abdominal wall	Pembrolizumab
Pt33	Pt33	mel_ucla_2016	Melanoma	Melanoma	0:LIVING	0:LIVING	729	1491												A2301/A6802	B1402/B4901	C0701/C0802	CR	M1a	No	Female		1										4.1	0.24				Matched	23.6333333333	Responder				80	Pre-treatment																				MEL	Groin, SC	Nivolumab
Pt34	Pt34	mel_ucla_2016	Melanoma	Melanoma	0:LIVING	0:LIVING	121	164												A0301/A3004	B3503/B4403	C0401/C0706	CR	M1c	Yes	Male		1										3.7	0.79				Matched	3.83333333333	Responder				42	Pre-treatment																				MEL	Abdominal wall	Pembrolizumab
Pt35	Pt35	mel_ucla_2016	Melanoma	Melanoma	0:LIVING	0:LIVING	252	372	12.46	405.79	0.44	-495.42	-89.63	0.12	0.02	0.02	0.13	0.04	0	A0201/A0301	B0702/B4402	C0501/C0702	PR	M1c	Yes	Female		1										3.8	0.62				Matched	8.03333333333	Responder				65	Pre-treatment	0	0.01	0	0	0	0	0.02	0	0.04	0	0	0	0	0.03	0	0	0.07	0.2	1.07	MEL	Flank	Pembrolizumab
Pt36	Pt36	mel_ucla_2016	Melanoma	Melanoma	1:DECEASED	1:DECEASED	109	224												A0101/A0301	B0702/B0801	C0701/C0702	PD	M1a	No	Female		1										1.9	0.73				Matched	3.46666666667	Non-responder				61	Pre-treatment																				MEL	Axillary LN	Nivolumab
Pt37	Pt37	mel_ucla_2016	Melanoma	Melanoma	0:LIVING	0:LIVING	486	862	12.34	622.13	0.34	-1461.62	-839.48	0.13	0.01	0.02	0.07	0.01	0	A0201/A2403	B3501/B3503	C0401/C0401	PR	M1c	Yes	Female		1										2.3	0.56				Matched	15.7	Responder				70	Pre-treatment	0	0.01	0	0	0.01	0	0.01	0	0.01	0	0.01	0	0	0.04	0.01	0.01	0.07	0.19	1.08	MEL	Small bowel	Pembrolizumab
Pt38	Pt38	mel_ucla_2016	Melanoma	Melanoma	0:LIVING	0:LIVING	150	230	42.13	3481.05	2.34	-281.73	3199.32	0.24	0.23	0.11	0.04	0.17	0	A0201/A0201	B5101/B5101	C1402/C1502	PR	M1c	Yes	Female		1										3.6	0.25				Matched	4.66666666667	Responder				57	Pre-treatment	0.22	0.9	0	0	0	0	0	0	0	0.03	0.03	0.15	0	0.17	0.04	0	0.52	0	0.85	MEL	Cervical, LN	Pembrolizumab
Pt4	Pt4	mel_ucla_2016	Melanoma	Melanoma	0:LIVING	0:LIVING	4285	5072	11.63	840.5	0.56	-661.47	179.03	0.09	0	0.03	0.11	0.01	0	A0201/A2301	B4002/B4402	C0202/C0501	PR	M1c	Yes	Male		1										3.7	0.74				Matched	136.833333333	Responder				62	Pre-treatment	0	0.02	0.01	0	0	0	0.15	0.05	0.02	0	0.01	0.03	0	0.05	0	0	0.12	0.08	1.04	MEL	Adrenal	Pembrolizumab
Pt5	Pt5	mel_ucla_2016	Melanoma	Melanoma	0:LIVING	0:LIVING	365	399	0.79	-299.82	0.11	-1185.25	-1485.07	0	0.02	0	0.04	0	0	A0201/A6801	B1507/B4402	C0303/C0704	PR	M1c	No	Male		1										3.4	0.89				Matched	11.3333333333	Responder				61	Pre-treatment	0	0	0	0	0	0.02	0	0	0	0.01	0	0.01	0	0	0	0	0.11	0.09	1.05	MEL	L Chestwall, SC	Pembrolizumab
Pt6	Pt6	mel_ucla_2016	Melanoma	Melanoma	0:LIVING	0:LIVING	263	444	3.12	1050.78	0.37	107.92	1158.69	0.01	0.12	0	0.04	0	0	A2402/A3201	B3501/B3501	C0401/C0401	PR	M1c	Yes	Male		1										2.6	0.65				Matched	8.26666666667	Responder				51	Pre-treatment	0	0	0	0	0	0.02	0.08	0.04	0	0.02	0	0	0.02	0.01	0	0	0.06	0.21	1.1	MEL	L forearm, SC	Pembrolizumab
Pt7	Pt7	mel_ucla_2016	Melanoma	Melanoma	1:DECEASED	1:DECEASED	1309	2473	5.41	235.88	0.28	-781.08	-545.21	0.03	0.11	0.02	0.05	0.02	0	A0201/A0201	B3503/B3801	C0401/C1203	PD	M1c	No	Female		1										5.4	0.7				Matched	41.7	Non-responder				55	Pre-treatment	0	0	0	0	0	0	0	0	0	0	0	0	0	0.03	0	0	0.07	0.19	1.09	MEL	Crown/scalp, SC	Pembrolizumab
Pt8	Pt8	mel_ucla_2016	Melanoma	Melanoma	0:LIVING	0:LIVING			8.05	693.44	0.65	58.11	751.56	0.06	0.04	0.1	0.25	0.01	0	A0201/A1101	B4402/B5501	C0303/C0501	CR	M1a	No	Male		1										4	0.7				Matched	0	Responder				69	Pre-treatment	0	0	0.01	0	0.01	0	0.06	0	0	0	0	0.05	0	0.03	0.01	0	0.11	0.09	1.06	MEL	R leg, SC	Pembrolizumab
Pt9	Pt9	mel_ucla_2016	Melanoma	Melanoma	0:LIVING	0:LIVING	604	1201	22.23	1238.65	0.94	30.66	1269.31	0.19	0	0.13	0.27	0.06	0	A0301/A0302	B5101/B5301	C0401/C1502	CR	M0	No	Male		1										2.5	0.14				Matched	19.4	Responder				68	Pre-treatment	0	0.02	0	0	0	0.03	0.05	0	0.02	0	0.01	0.06	0	0.06	0.03	0	0.06	0.2	1.07	MEL	L forearm, SC	Pembrolizumab
Pat02	Pat02	skcm_dfci_2015	Melanoma	Cutaneous Melanoma	0:LIVING	0:LIVING	233	113	29.24764035	2872.212943	0.954056521	2115.609593	4987.822536	0.04659999	0.626216015	0.017438523	0.06931586	0.007939459	0	A0201/A2601	B0702/B0801	C0702/C0702	SD	M1c		Female	1:Recurred/Progressed	1	42	4												1	Matched	7.56666666667		Unknown or NA					0	0.023225696	0	0	0.017881246	0.012022482	0.044924794	0	0	0	0.002611951	0.053291683	0	0.022818832	0	0.00976999	0.752588045	0	0.667401616	SKCM	occult	ipilimumab
Pat03	Pat03	skcm_dfci_2015	Melanoma	Cutaneous Melanoma	1:DECEASED	1:DECEASED	372	131	3.13331056	768.3819275	0.605461187	722.2445373	1490.626465	0	0.020768464	0.00042086	0.206682749	0	0	A0301/A2901	B0705/B3501	C0401/C1505	PD	M1c		Female	1:Recurred/Progressed	1	61	4												1	Matched	12.3		Acrolentigenous					0.003155964	0	0.01100519	0	0	0.143766647	0	0	0.004281346	0	0	0.189684594	0	0.018702245	0	0.006993126	0.061090053	0.186	1.065740745	SKCM	skin	ipilimumab
Pat04	Pat04	skcm_dfci_2015	Melanoma	Cutaneous Melanoma	0:LIVING	0:LIVING	336	271	25.14707067	893.3200194	0.45508842	-251.9111901	641.4088294	0.109833063	0.045567961	0.022255444	0.105871752	0.047699535	0	A0101/A0201	B1501/B4405	C0202/C0303	PR	M1b		Male	0:DiseaseFree	1	71	4												0	Matched	10.9333333333		Nodular					0	0.005936525	0.000338889	0.000173147	0.017878899	0	0.010576969	0	0.051133414	0	0.002150258	0.010036689	0	0.025635874	0	0	0.048505218	0.237	1.080739217	SKCM	skin	ipilimumab
Pat06	Pat06	skcm_dfci_2015	Melanoma	Cutaneous Melanoma	1:DECEASED	1:DECEASED	174	167	30.65983275	2956.35638	2.09766758	1059.079106	4015.435486	0.12930839	0.079596382	0.105149954	0.464862423	0.285727662	0.002502296	A0201/A1101	B2702/B5501	C0202/C0303	PD	M1c		Male	1:Recurred/Progressed	1	33	4												0	Matched	5.7		Superficial spreading					0	0.296795207	0.006297828	0	0	0.003182819	0.283987839	0	0	0.027808745	0.229643524	0.085920712	0.063155437	0.032506601	0.001221761	0	0.345682777	0.006	0.940141888	SKCM	skin	ipilimumab
Pat07	Pat07	skcm_dfci_2015	Melanoma	Cutaneous Melanoma	0:LIVING	0:LIVING	148	99												A0101/A0101	B0702/B0801	C0701/C0702	SD	M0		Male	1:Recurred/Progressed	1	36	3												0	Matched	4.93333333333		Unknown or NA																								SKCM	skin	ipilimumab
Pat08	Pat08	skcm_dfci_2015	Melanoma	Cutaneous Melanoma	1:DECEASED	1:DECEASED	265	311	16.0172869	1511.947905	0.865641521	-137.2952191	1374.652686	0.046140024	0.233202072	0.104516767	0.128129598	0.123057831	0	A2601/A6801	B3501/B3801	C0401/C1203	PD	M1c		Male	1:Recurred/Progressed	1	73	4												0	Matched	8.5		Nodular					0.049626633	0	0.008675997	0	0	0.027417223	0.028199589	0	0	0.005948531	0.014715785	0.054568913	0	0.03166518	0.009777378	0	0.064975787	0.175	1.064301707	SKCM	mucosal	ipilimumab
Pat100	Pat100	skcm_dfci_2015	Melanoma	Cutaneous Melanoma	1:DECEASED	1:DECEASED	519	280												A0201/A0301	B4001/B4403	C0304/C1601	PD	M1c		Male	1:Recurred/Progressed	1	70	4												0	Matched	16.8666666667		Nodular																								SKCM	skin	ipilimumab
Pat101	Pat101	skcm_dfci_2015	Melanoma	Cutaneous Melanoma	1:DECEASED	1:DECEASED	50	26												A0301/A2902	B0702/B4403	C0702/C1601	PD	M1c		Male	1:Recurred/Progressed	1	75	4												1	Matched	1.66666666667		Acrolentigenous																								SKCM	skin	ipilimumab
Pat103	Pat103	skcm_dfci_2015	Melanoma	Cutaneous Melanoma	1:DECEASED	1:DECEASED	630	348												A0101/A2301	B0801/B5001	C0602/C0701	PR	M1c		Male	0:DiseaseFree	1	70	4												0	Matched	20.5333333333		Unknown or NA																								SKCM	occult	ipilimumab
Pat104	Pat104	skcm_dfci_2015	Melanoma	Cutaneous Melanoma	1:DECEASED	1:DECEASED	35	32												A0201/A0301	B0702/B1501	C0304/C0702	SD	M1c		Female	0:DiseaseFree	1	45	4												0	Matched	1.13333333333		Unknown or NA																								SKCM	skin	ipilimumab
Pat105	Pat105	skcm_dfci_2015	Melanoma	Cutaneous Melanoma	0:LIVING	0:LIVING	125	66												A0101/A0201	B0801/B4402	C0501/C0701	PR	M0		Male	0:DiseaseFree	1	41	3												0	Matched	4.06666666667		Nodular																								SKCM	skin	ipilimumab
Pat106	Pat106	skcm_dfci_2015	Melanoma	Cutaneous Melanoma	1:DECEASED	1:DECEASED	30	28												A0201/A1101	B1302/B1501	C0304/C0602	PD	M1b		Female	1:Recurred/Progressed	1	43	4												0	Matched	0.966666666667		Nodular																								SKCM	skin	ipilimumab
Pat109	Pat109	skcm_dfci_2015	Melanoma	Cutaneous Melanoma	1:DECEASED	1:DECEASED	286	227												A0201/A0301	B1501/B4001	C0102/C0304	PD	M1b		Male	1:Recurred/Progressed	1	69	4												0	Matched	9.2		Unknown or NA																								SKCM	skin	ipilimumab
Pat11	Pat11	skcm_dfci_2015	Melanoma	Cutaneous Melanoma	0:LIVING	0:LIVING	1976	1188												A0301/A3303	B0702/B5801	C0302/C0702	PD	M1c		Male	1:Recurred/Progressed	1	67	4												0	Matched	64.5333333333		Unknown or NA																								SKCM	occult	ipilimumab
Pat110	Pat110	skcm_dfci_2015	Melanoma	Cutaneous Melanoma	1:DECEASED	1:DECEASED	6301	3644												A0201/A3201	B4002/B4405	C0202/C0202	PD	M1b		Male	1:Recurred/Progressed	1	76	4												0	Matched	205.933333333		Unknown or NA																								SKCM	skin	ipilimumab
Pat113	Pat113	skcm_dfci_2015	Melanoma	Cutaneous Melanoma	1:DECEASED	1:DECEASED	317	139												A0101/A2301	B0801/B1402	C0701/C0701	PR	M1c		Male	1:Recurred/Progressed	1	68	4												1	Matched	10.5		Unknown or NA																								SKCM	occult	ipilimumab
Pat115	Pat115	skcm_dfci_2015	Melanoma	Cutaneous Melanoma	1:DECEASED	1:DECEASED	76	69												A0201/A0201	B0702/B1501	C0303/C0702	PD	M1c		Male	1:Recurred/Progressed	1	45	4												1	Matched	2.4		Acrolentigenous																								SKCM	skin	ipilimumab
Pat117	Pat117	skcm_dfci_2015	Melanoma	Cutaneous Melanoma	0:LIVING	0:LIVING	689	549												A0201/A1101	B0801/B2702	C0202/C0701	PR	M1c		Male	1:Recurred/Progressed	1	73	4												1	Matched	22.5666666667		Unknown or NA																								SKCM	skin	ipilimumab
Pat118	Pat118	skcm_dfci_2015	Melanoma	Cutaneous Melanoma	1:DECEASED	1:DECEASED	113	60	27.62456443	1926.275323	0.888813894	1584.565743	3510.841067	0.036672798	0.026654462	0.098610807	0.195826052	0.032076451	0	A0201/A0301	B3501/B5101	C0102/C0401	PD	M1c		Female	1:Recurred/Progressed	1	43	4												1	Matched	3.66666666667		Unknown or NA					0.020043613	0	0.08088798	0	0.02140638	0.023105581	0.020047402	0	0.022182839	0	0.011322724	0.198079093	0	0.006819357	0.095078354	0	0.063061835	0.18	1.059362636	SKCM	skin	ipilimumab
Pat119	Pat119	skcm_dfci_2015	Melanoma	Cutaneous Melanoma	0:LIVING	0:LIVING	301	201	5.534072093	383.4191905	0.356665503	-575.3559415	-191.9367509	0.019264272	0	0.021805925	0.053444118	0.026518013	0	A0201/A6801	B3503/B4402	C0401/C0501	PD	M0		Male	1:Recurred/Progressed	1	61	3												1	Matched	9.6		Unknown or NA					0.026258405	0.016604127	0.011016859	0.007892911	0	0	0.013729216	0	0.005922705	0	0	0.103906136	0	0.015556958	0.034745858	0	0.007953998	0.477	1.089679361	SKCM	skin	ipilimumab
Pat121	Pat121	skcm_dfci_2015	Melanoma	Cutaneous Melanoma	1:DECEASED	1:DECEASED	63	24												A0201/A2601	B1509/B4402	C0501/C0704	PD	M1c		Male	1:Recurred/Progressed	1	46	4												0	Matched	2.1		Unknown or NA																								SKCM	occult	ipilimumab
Pat123	Pat123	skcm_dfci_2015	Melanoma	Cutaneous Melanoma	1:DECEASED	1:DECEASED	482	255	2.790171988	-33.21244402	0.232946763	-851.4202941	-884.6327381	0.054000802	0	0.012480809	0.054552341	0.033394878	0	A0101/A3101	B3501/B5101	C0202/C0401	SD	M1c		Female	1:Recurred/Progressed	1	50	4												1	Matched	15.7		Unknown or NA					0	0.009064887	0.008029184	0	0.004632068	0	0.005755699	0	0.006799164	0	0.007276197	0.002649201	0	0.034311533	0	0	0.103035408	0.098	1.045662547	SKCM	occult	ipilimumab
Pat124	Pat124	skcm_dfci_2015	Melanoma	Cutaneous Melanoma	1:DECEASED	1:DECEASED	441	311												A0201/A3201	B1302/B5101	C0602/C1502	PD	M1b		Male	1:Recurred/Progressed	1	78	4												0	Matched	14.0666666667		Superficial spreading																								SKCM	skin	ipilimumab
Pat126	Pat126	skcm_dfci_2015	Melanoma	Cutaneous Melanoma	0:LIVING	0:LIVING	397	238	7.831121997	856.42304	0.436574148	224.7586635	1081.181704	0.029885822	0.039531178	0.02797612	0.087628179	0.003654861	0	A0101/A0201	B0801/B4001	C0304/C0701	PR	M1b		Male	1:Recurred/Progressed	1	77	4												1	Matched	12.8666666667		Nodular					0.016086291	0	0.013008677	0	0.035689149	0	0.017345116	0	0.020960623	0	0.004241796	0.092674546	0	0.04261859	0.005273202	0	0.018108069	0.388	1.078867569	SKCM	skin	ipilimumab
Pat127	Pat127	skcm_dfci_2015	Melanoma	Cutaneous Melanoma	1:DECEASED	1:DECEASED	109	62												A2402/A3101	B0702/B2702	C0202/C0702	PD	M1c		Female	1:Recurred/Progressed	1	25	4												0	Matched	3.6		Unknown or NA																								SKCM	skin	ipilimumab
Pat128	Pat128	skcm_dfci_2015	Melanoma	Cutaneous Melanoma	1:DECEASED	1:DECEASED	76	25												A2601/A2601	B5501/B5501	C0303/C0303	PD	M1c		Male	1:Recurred/Progressed	1	29	4												0	Matched	2.5		Nodular																								SKCM	skin	ipilimumab
Pat129	Pat129	skcm_dfci_2015	Melanoma	Cutaneous Melanoma	0:LIVING	0:LIVING	107	85												A1101/A2902	B4403/B5101	C1502/C1602	PD	M1b		Male	1:Recurred/Progressed	1	18	4												0	Matched	3.53333333333		Nodular																								SKCM	skin	ipilimumab
Pat13	Pat13	skcm_dfci_2015	Melanoma	Cutaneous Melanoma	1:DECEASED	1:DECEASED	110	60												A0101/A3301	B0801/B1402	C0701/C0802	PD	M0		Male	1:Recurred/Progressed	1	78	3												0	Matched	3.56666666667		Superficial spreading																								SKCM	skin	ipilimumab
Pat130	Pat130	skcm_dfci_2015	Melanoma	Cutaneous Melanoma	1:DECEASED	1:DECEASED	197	140												A0201/A0201	B1501/B4002	C0202/C0304	PD	M1c		Male	1:Recurred/Progressed	1	76	4												1	Matched	6.5		Nodular																								SKCM	skin	ipilimumab
Pat131	Pat131	skcm_dfci_2015	Melanoma	Cutaneous Melanoma	1:DECEASED	1:DECEASED	102	74												A0101/A6801	B0801/B1801	C0701/C0701	SD	M1c		Male	1:Recurred/Progressed	1	32	4												1	Matched	3.33333333333		Unknown or NA																								SKCM	skin	ipilimumab
Pat132	Pat132	skcm_dfci_2015	Melanoma	Cutaneous Melanoma	0:LIVING	0:LIVING	1862	910												A0101/A2301	B0801/B4403	C0401/C0701	PR	M1c		Male	1:Recurred/Progressed	1	81	4												0	Matched	61.4333333333		Superficial spreading																								SKCM	skin	ipilimumab
Pat133	Pat133	skcm_dfci_2015	Melanoma	Cutaneous Melanoma	1:DECEASED	1:DECEASED	228	114												A1101/A2402	B0702/B4402	C0202/C0702	PD	M1b		Male	1:Recurred/Progressed	1	76	4												0	Matched	7.46666666667		Unknown or NA																								SKCM	mucosal	ipilimumab
Pat135	Pat135	skcm_dfci_2015	Melanoma	Cutaneous Melanoma	1:DECEASED	1:DECEASED	238	227												A0201/A0301	B0702/B0801	C0701/C0702	PD	M1c		Female	1:Recurred/Progressed	1	29	4												0	Matched	7.8		Superficial spreading																								SKCM	skin	ipilimumab
Pat138	Pat138	skcm_dfci_2015	Melanoma	Cutaneous Melanoma	1:DECEASED	1:DECEASED	5120	3166												A3201/A6801	B1402/B4402	C0501/C0802	SD	M1c		Female	1:Recurred/Progressed	1	39	4												0	Matched	167.6		Unknown or NA																								SKCM	skin	ipilimumab
Pat139	Pat139	skcm_dfci_2015	Melanoma	Cutaneous Melanoma	1:DECEASED	1:DECEASED	1429	1918												A0201/A3201	B1501/B3901	C0304/C1203	PD	M1c		Male	1:Recurred/Progressed	1	58	4												1	Matched	46.5		Unknown or NA																								SKCM	skin	ipilimumab
Pat14	Pat14	skcm_dfci_2015	Melanoma	Cutaneous Melanoma	1:DECEASED	1:DECEASED	46	23	9.03377732	1323.445995	0.730255034	895.0484155	2218.49441	0.030433025	0.134657504	0.018398013	0.118995764	0.002315265	0	A3001/A6802	B5301/B5701	C0401/C0602	PD	M1c		Female	1:Recurred/Progressed	1	48	4												0	Matched	1.43333333333		Acrolentigenous					0	0.051715525	0.000720961	0.002857481	0.055434966	0	0.066690212	0	0	0.012706096	0.029264602	0.177061595	0	0.029004026	0	0	0.15830123	0.045	1.02017272	SKCM	skin	ipilimumab
Pat140	Pat140	skcm_dfci_2015	Melanoma	Cutaneous Melanoma	1:DECEASED	1:DECEASED	326	257												A0201/A0301	B1302/B4002	C0202/C0602	PD	M1c		Male	1:Recurred/Progressed	1	62	4												0	Matched	10.5666666667		Unknown or NA																								SKCM	skin	ipilimumab
Pat143	Pat143	skcm_dfci_2015	Melanoma	Cutaneous Melanoma	1:DECEASED	1:DECEASED	878	1063												A0201/A6801	B1501/B1501	C0303/C0304	PD	M1c		Male	1:Recurred/Progressed	1	71	4												1	Matched	28.9666666667		Unknown or NA																								SKCM	skin	ipilimumab
Pat147	Pat147	skcm_dfci_2015	Melanoma	Cutaneous Melanoma	1:DECEASED	1:DECEASED	542	236												A0101/A2402	B0801/B5502	C0102/C0701	PD	M1a		Male	1:Recurred/Progressed	1	63	4												0	Matched	17.8666666667		Unknown or NA																								SKCM	occult	ipilimumab
Pat148	Pat148	skcm_dfci_2015	Melanoma	Cutaneous Melanoma	1:DECEASED	1:DECEASED	227	131												A0101/A0101	B0801/B1501	C0304/C0701	PD	M1c		Female	1:Recurred/Progressed	1	35	4												0	Matched	7.43333333333		Unknown or NA																								SKCM	skin	ipilimumab
Pat15	Pat15	skcm_dfci_2015	Melanoma	Cutaneous Melanoma	1:DECEASED	1:DECEASED	242	271	0	-955.1358529	0.112424786	-1198.664725	-2153.800577	0	0.053998808	0.001168976	0	0	0	A2902/A3201	B1501/B4001	C0303/C0304	PD	M1c		Male	1:Recurred/Progressed	1	32	4												1	Matched	7.96666666667		Unknown or NA					0.001494363	0.000276983	0.000512871	0.001557328	0	0.000889213	0	0	0	0.013147426	0	0.034611535	0	0.003069048	0	0.001698233	0.085868613	0.122	1.095785468	SKCM	skin	ipilimumab
Pat151	Pat151	skcm_dfci_2015	Melanoma	Cutaneous Melanoma	1:DECEASED	1:DECEASED	1754	1633												A0201/A6801	B4403/B5101	C1502/C1601	PD	M1c		Male	1:Recurred/Progressed	1	68	4												0	Matched	57.3		Unknown or NA																								SKCM	skin	ipilimumab
Pat157	Pat157	skcm_dfci_2015	Melanoma	Cutaneous Melanoma	1:DECEASED	1:DECEASED	132	77												A0101/A0201	B0702/B0704	C0702/C0702	X	M1c		Female	1:Recurred/Progressed	1	69	4												0	Matched	4.3		Superficial spreading																								SKCM	skin	ipilimumab
Pat159	Pat159	skcm_dfci_2015	Melanoma	Cutaneous Melanoma	0:LIVING	0:LIVING	471	139												A0201/A0201	B2702/B4402	C0202/C0704	PD	M1b		Male	1:Recurred/Progressed	1	51	4												0	Matched	15.4333333333		Superficial spreading																								SKCM	skin	ipilimumab
Pat16	Pat16	skcm_dfci_2015	Melanoma	Cutaneous Melanoma	1:DECEASED	1:DECEASED	1911	1606	13.71499623	833.0851702	0.577134899	-585.9051103	247.1800599	0.110946992	0.014856591	0.065016947	0.062546297	0.068389679	0	A0201/A0301	B0702/B4901	C0701/C0702	PD	M1b		Female	1:Recurred/Progressed	1	68	4												0	Matched	61.6		Unknown or NA					0.030264403	0	0.002689068	0	0.00112565	0	0.009185613	0	0	0	0.019117041	0.048949916	0	0.113574884	0.030471817	0	0.124257927	0.073	1.053978789	SKCM	skin	ipilimumab
Pat160	Pat160	skcm_dfci_2015	Melanoma	Cutaneous Melanoma	1:DECEASED	1:DECEASED	54	43												A0201/A0201	B1501/B5101	C0303/C0401	PD	M1c		Male	1:Recurred/Progressed	1	79	4												1	Matched	1.7		Unknown or NA																								SKCM	skin	ipilimumab
Pat162	Pat162	skcm_dfci_2015	Melanoma	Cutaneous Melanoma	1:DECEASED	1:DECEASED	54	29												A0101/A0101	B0702/B0801	C0701/C0702	PD	M1c		Female	1:Recurred/Progressed	1	55	4												0	Matched	1.73333333333		Unknown or NA																								SKCM	mucosal	ipilimumab
Pat163	Pat163	skcm_dfci_2015	Melanoma	Cutaneous Melanoma	0:LIVING	0:LIVING	94	93												A2301/A2402	B0801/B3901	C0701/C1203	PD	M1c		Male	1:Recurred/Progressed	1	54	4												0	Matched	3.13333333333		Unknown or NA																								SKCM	occult	ipilimumab
Pat165	Pat165	skcm_dfci_2015	Melanoma	Cutaneous Melanoma	1:DECEASED	1:DECEASED	69	76												A0201/A6801	B1501/B4402	C0303/C0501	PD	M1c		Female	1:Recurred/Progressed	1	50	4												0	Matched	2.3		Acrolentigenous																								SKCM	skin	ipilimumab
Pat166	Pat166	skcm_dfci_2015	Melanoma	Cutaneous Melanoma	1:DECEASED	1:DECEASED	57	44												A0201/A0301	B0702/B4001	C0304/C0702	X	M1c		Male	1:Recurred/Progressed	1	31	4												1	Matched	1.83333333333		Unknown or NA																								SKCM	occult	ipilimumab
Pat167	Pat167	skcm_dfci_2015	Melanoma	Cutaneous Melanoma	1:DECEASED	1:DECEASED	33	27												A0201/A3001	B1302/B5801	C0302/C0602	PD	M1c		Male	1:Recurred/Progressed	1	50	4												1	Matched	1.1		Superficial spreading																								SKCM	skin	ipilimumab
Pat168	Pat168	skcm_dfci_2015	Melanoma	Cutaneous Melanoma	1:DECEASED	1:DECEASED	245	306												A0101/A0201	B0801/B1501	C0303/C0701	X	M1c		Male	1:Recurred/Progressed	1	68	4												1	Matched	8.1		Nodular																								SKCM	skin	ipilimumab
Pat17	Pat17	skcm_dfci_2015	Melanoma	Cutaneous Melanoma	1:DECEASED	1:DECEASED	219	59												A2601/A3303	B4402/B5801	C0302/C0704	PD	M1c		Male	1:Recurred/Progressed	1	44	4												1	Matched	7.16666666667		Unknown or NA																								SKCM	skin	ipilimumab
Pat170	Pat170	skcm_dfci_2015	Melanoma	Cutaneous Melanoma	1:DECEASED	1:DECEASED	234	181												A0201/A1101	B4402/B5301	C0401/C0501	PD	M1c		Male	1:Recurred/Progressed	1	48	4												0	Matched	7.6		Nodular																								SKCM	skin	ipilimumab
Pat171	Pat171	skcm_dfci_2015	Melanoma	Cutaneous Melanoma	1:DECEASED	1:DECEASED	99	40												A0101/A0301	B3501/B3508	C0401/C0401	PD	M1a		Male	1:Recurred/Progressed	1	66	4													Matched	3.23333333333		Acrolentigenous																								SKCM	skin	ipilimumab
Pat174	Pat174	skcm_dfci_2015	Melanoma	Cutaneous Melanoma	0:LIVING	0:LIVING	668	355												A0201/A2902	B4402/B5101	C0202/C0704	PR	M1a		Female	1:Recurred/Progressed	1	57	4												0	Matched	21.8333333333		Nodular																								SKCM	skin	ipilimumab
Pat175	Pat175	skcm_dfci_2015	Melanoma	Cutaneous Melanoma	1:DECEASED	1:DECEASED	89	69												A0101/A0201	B0801/B4002	C0202/C0701	X	M1a		Female	1:Recurred/Progressed	1	67	4												0	Matched	2.9		Unknown or NA																								SKCM	skin	ipilimumab
Pat18	Pat18	skcm_dfci_2015	Melanoma	Cutaneous Melanoma	0:LIVING	0:LIVING	32	5												A2601/A2902	B4403/B5502	C0102/C1601	PD	M0		Female	1:Recurred/Progressed	1	55	3												0	Matched	1.06666666667		Nodular																								SKCM	skin	ipilimumab
Pat19	Pat19	skcm_dfci_2015	Melanoma	Cutaneous Melanoma	1:DECEASED	1:DECEASED	470	416	30.48983799	2359.166673	1.224781451	1337.708548	3696.875221	0.139971931	0.446506326	0.095800464	0.197481464	0.046926474	0	A0101/A2402	B1501/B5701	C0303/C0602	PD	M1c		Male	1:Recurred/Progressed	1	59	4												0	Matched	15.2333333333		Unknown or NA					0.019027683	0.037670072	0	0	0.075994957	0	0.050163663	0	0	0	0.002794239	0	0	0.050137491	0.050645052	0.011661634	0.125388988	0.072	1.057619351	SKCM	skin	ipilimumab
Pat21	Pat21	skcm_dfci_2015	Melanoma	Cutaneous Melanoma	1:DECEASED	1:DECEASED	1375	679												A0101/A0301	B0801/B0801	C0701/C0701	SD	M1c		Male	1:Recurred/Progressed	1	81	4												0	Matched	44.9333333333		Amelanotic																								SKCM	skin	ipilimumab
Pat24	Pat24	skcm_dfci_2015	Melanoma	Cutaneous Melanoma	0:LIVING	0:LIVING	33	22												A0101/A0201	B0702/B4201	C0701/C0702	PR	M1b		Female	0:DiseaseFree	1	74	4												0	Matched	1.1		Nodular																								SKCM	skin	ipilimumab
Pat25	Pat25	skcm_dfci_2015	Melanoma	Cutaneous Melanoma	1:DECEASED	1:DECEASED	51	13	8.482151149	370.1759303	0.50617395	-582.920342	-212.7444117	0.110905519	0.002581336	0.016606476	0.100139074	0.00989049	0.002039867	A2902/A6601	B4002/B4403	C0202/C1601	PD	M1c		Male	1:Recurred/Progressed	1	69	4												1	Matched	1.63333333333		Superficial spreading					0.040752522	0.0007633	0	0.004836136	0.00828655	0	0.020293428	0	0.027572375	0	0.067926655	0.018292301	0	0.05616172	0.019126202	0	0.293500566	0.011	0.969599074	SKCM	skin	ipilimumab
Pat27	Pat27	skcm_dfci_2015	Melanoma	Cutaneous Melanoma	0:LIVING	0:LIVING	33	15	6.499866325	1515.471141	0.622561307	797.9659246	2313.437066	0.0195283	0.387384115	0.004167702	0.128169168	0.027976058	0	A0201/A1101	B1801/B5101	C0102/C0701	PD	M1c		Male	1:Recurred/Progressed	1	61	4												0	Matched	1.0		Nodular					0.012229589	0	0	0	0	0.004762022	0	0	0	0.017227366	0	0.008461347	0	0.01265564	0	0	0.40683345	0.004	0.95010305	SKCM	skin	ipilimumab
Pat28	Pat28	skcm_dfci_2015	Melanoma	Cutaneous Melanoma	1:DECEASED	1:DECEASED	750	508	44.28641235	1917.568161	0.766504587	-806.4959675	1111.072193	0.270628217	0.087489209	0.115822071	0.05424399	0.086708295	0	A0301/A3002	B0702/B1801	C0501/C0702	PD	M1c		Male	1:Recurred/Progressed	1	77	4												1	Matched	24.6666666667		Nodular					0.004559486	0	0	0	0.008856055	0	0.041604193	0	0.062924255	0	0.00299985	0	0	0.030668965	0	0	0.160240549	0.043	1.046139373	SKCM	skin	ipilimumab
Pat29	Pat29	skcm_dfci_2015	Melanoma	Cutaneous Melanoma	0:LIVING	0:LIVING	37	50	14.2710529	1869.661891	1.227672573	-238.4065844	1631.255307	0.00311097	0.181575665	0.029854917	0.143202445	0.053912168	0	A0201/A0301	B0702/B1801	C0702/C1203	X	M1c		Male	1:Recurred/Progressed	1	82	4												0	Matched	1.16666666667		Superficial spreading					0.137482951	0.24870984	0	0	0.012722473	0	0	0	0	0.024450378	0.150566565	0.139147444	0.015672819	0.073916161	0.013347777	0	0.486858746	0	0.873278883	SKCM	skin	ipilimumab
Pat32	Pat32	skcm_dfci_2015	Melanoma	Cutaneous Melanoma	1:DECEASED	1:DECEASED	714	591												A0301/A0301	B3501/B3801	C0401/C1203	PD	M1c		Male	1:Recurred/Progressed	1	72	4												1	Matched	23.3666666667		Unknown or NA																								SKCM	occult	ipilimumab
Pat33	Pat33	skcm_dfci_2015	Melanoma	Cutaneous Melanoma	1:DECEASED	1:DECEASED	15	8	1.817014964	-95.03229644	0.234436824	-979.4336518	-1074.465948	0	0.117937065	0.001227299	0.024386321	0.004791564	0.007475225	A1101/A3004	B0702/B4201	C0702/C0702	PD	M1c		Male	1:Recurred/Progressed	1	65	4												1	Matched	0.433333333333		Superficial spreading					0.015486186	0	0	0.00363083	0.015878779	0	0.00967239	0	0	0.009485045	0.000289316	0	0.006000597	0.018030309	0.000145901	0	0.043676861	0.256	1.122667334	SKCM	skin	ipilimumab
Pat36	Pat36	skcm_dfci_2015	Melanoma	Cutaneous Melanoma	1:DECEASED	1:DECEASED	12	6	1.786462588	-290.5033722	0.170180436	-774.0582413	-1064.561613	0.001800749	0.082913858	0.002835452	0.005040123	0	0	A0101/A0101	B2705/B4402	C0303/C0501	PD	M1c		Female	1:Recurred/Progressed	1	52	4												1	Matched	0.366666666667		Superficial spreading					0.001451917	0.000132439	0.00024103	0.003264639	0	0.00372178	0	0	0	0.019426294	0	0.043057331	0	0.001810014	0	0.00448481	0.107837576	0.093	1.083640219	SKCM	skin	ipilimumab
Pat37	Pat37	skcm_dfci_2015	Melanoma	Cutaneous Melanoma	1:DECEASED	1:DECEASED	108	30	9.085585056	506.8891406	0.35505214	-639.1926515	-132.3035109	0.05384247	0.058221901	0.018100983	0.059149984	0.07675244	0	A0101/A6601	B0801/B1402	C0701/C0802	PD	M1c		Female	1:Recurred/Progressed	1	47	4												1	Matched	3.4		Superficial spreading					0.010910629	0	0.003116275	0.004005317	0.008904086	0	0.018649986	0	0	0.012737213	0.006113719	0.001072828	0	0.023083783	0.000390524	0	0.134023811	0.064	1.02572908	SKCM	skin	ipilimumab
Pat38	Pat38	skcm_dfci_2015	Melanoma	Cutaneous Melanoma	0:LIVING	0:LIVING	2398	2503	84.56916088	2598.592527	1.282482879	527.2717031	3125.86423	0.277366564	0.2894711	0.070760226	0.219120381	0.07124399	0	A0201/A0301	B1517/B4002	C0202/C0701	PR	M1c		Male	1:Recurred/Progressed	1	45	4												0	Matched	78.4666666667		Nodular					0	0.019578816	0.017084557	0	0.07787297	0	0.034742353	0	0.044432204	0.017492569	0.023083926	0	0	0.120233223	0	0	0.189334458	0.035	1.01387315	SKCM	skin	ipilimumab
Pat39	Pat39	skcm_dfci_2015	Melanoma	Cutaneous Melanoma	0:LIVING	0:LIVING	75	62	28.98656871	2277.797496	1.423959273	1834.494401	4112.291898	0.076773613	0.016639161	0.005770809	0.379674368	0	0.010750231	A0101/A0201	B0801/B5101	C0701/C1502	CR	M1b		Male	0:DiseaseFree	1	67	4												0	Matched	2.43333333333		Superficial spreading					0.238193365	0.143648664	0	0	0.012607132	0.014479025	0.146492041	0	0	0	0.001302527	0.325640145	0	0.005139076	0.046849116	0	0.343914921	0.006	0.943398889	SKCM	skin	ipilimumab
Pat40	Pat40	skcm_dfci_2015	Melanoma	Cutaneous Melanoma	1:DECEASED	1:DECEASED	108	89	4.445498914	769.1588708	0.486705164	765.356784	1534.515655	0.026682122	0.180502452	0.008323365	0.076878563	0.005950952	0	A0101/A0201	B0801/B4402	C0501/C0701	PD	M1c		Male	1:Recurred/Progressed	1	74	4												1	Matched	3.5		Nodular					0.006990659	0	0	0	0.111375682	0	0.027734671	0	0	0.005622407	0	0.009207055	0	0.027437235	0	0	0.298905911	0.011	0.988018654	SKCM	skin	ipilimumab
Pat41	Pat41	skcm_dfci_2015	Melanoma	Cutaneous Melanoma	1:DECEASED	1:DECEASED	345	261	0	315.645296	0	-130.2360893	185.4092067	0	0	0	0	0	0	A0201/A2301	B2705/B4901	C0102/C0701	PD	M1c		Male	1:Recurred/Progressed	1	64	4												1	Matched	11.3		Nodular					0	0	0	0	0	0	0	0	0	0	0	0	0	0	0	0	0.03265575	0.303	1.137382241	SKCM	skin	ipilimumab
Pat43	Pat43	skcm_dfci_2015	Melanoma	Cutaneous Melanoma	1:DECEASED	1:DECEASED	168	60	85.1103321	2713.925198	1.510235787	2387.005019	5100.930217	0.352621122	0.037334471	0.135413913	0.374470489	0.041278783	0	A0101/A2902	B2705/B4403	C0202/C1601	PD	M1b		Female	1:Recurred/Progressed	1	75	4												1	Matched	5.46666666667		Superficial spreading					0.003453091	0	0.010040703	0	0	0.083237391	0.048317036	0	0.068995678	0	0.054421245	0.115288507	0	0.103036892	0.082326465	0	0.080143707	0.136	1.059277019	SKCM	skin	ipilimumab
Pat44	Pat44	skcm_dfci_2015	Melanoma	Cutaneous Melanoma	1:DECEASED	1:DECEASED	32	15	0.083947555	-1194.586212	0.083801964	-1382.122895	-2576.709107	0	0.001143344	0	0.023193769	0.002418353	0	A1101/A2601	B3501/B5201	C0401/C1202	PD	M1c		Female	1:Recurred/Progressed	1	57	4												1	Matched	1.03333333333		Unknown or NA					0.012431282	0	0.007308663	0.00176637	0.004319667	0.012226628	0.0000348	0	0	0.012600006	0.000443079	0.000523877	0	0.005392078	0	0	-0.001353813	0.554	1.07728166	SKCM	skin	ipilimumab
Pat45	Pat45	skcm_dfci_2015	Melanoma	Cutaneous Melanoma	1:DECEASED	1:DECEASED	937	713	0.09272782	-1000.60891	0.146855068	-1144.397734	-2145.006644	0	0.030887937	0	0.000142548	0	0	A0201/A2402	B4402/B5101	C0501/C1502	PD	M1c		Male	1:Recurred/Progressed	1	68	4												1	Matched	30.2333333333		Superficial spreading					0.006705862	0	0.001439077	0.000416425	0	0.018453582	0.000976782	0	0	0.025292363	0	0.045492503	0	0.01704799	0	0	-0.013637903	0.698	1.110040587	SKCM	skin	ipilimumab
Pat46	Pat46	skcm_dfci_2015	Melanoma	Cutaneous Melanoma	1:DECEASED	1:DECEASED	244	80	4.844804064	1370.537581	0.548868314	276.3164108	1646.853992	0	0.154211392	0.006346226	0.06419787	0	0	A0101/A2601	B2705/B3701	C0202/C0602	PD	M1b		Female	1:Recurred/Progressed	1	36	4												0	Matched	7.83333333333		Unknown or NA					0.064933898	0	0	0	0.095230832	0	0.041408843	0	0	0.024365318	0	0.085460281	0	0.012713653	0	0	0.214397564	0.027	1.008001912	SKCM	occult	ipilimumab
Pat47	Pat47	skcm_dfci_2015	Melanoma	Cutaneous Melanoma	0:LIVING	0:LIVING	137	112	1.683372202	473.4858788	0.34915195	-450.177993	23.3078858	0.015479473	0.109601348	0.007048268	0.080348575	0.027598577	0.006769663	A2301/A3201	B1501/B4403	C0303/C0401	CR	M1c		Male	0:DiseaseFree	1	78	4												0	Matched	4.5		Superficial spreading					0.009449193	0.014978935	0	0	0.021666342	0	0.002521242	0	0	0.009400207	0.017425252	0	0	0.023197099	0.003667777	0	0.132506255	0.065	1.045876491	SKCM	skin	ipilimumab
Pat49	Pat49	skcm_dfci_2015	Melanoma	Cutaneous Melanoma	0:LIVING	0:LIVING	669	323	98.16224309	2977.747084	1.828444008	80.49097706	3058.238061	0.410683592	0.046225858	0.203616556	0.215510525	0.244303786	0	A0101/A1101	B3701/B5701	C0602/C0602	SD	M1c		Male	1:Recurred/Progressed	1	36	4												0	Matched	21.8333333333		Nodular					0.057763684	0.049169239	0.005252867	0	0	0.013091829	0.021341481	0.000537719	0.206561298	0	0.170111359	0	0	0.134012531	0	0.050261683	0.212129445	0.027	1.012450077	SKCM	skin	ipilimumab
Pat50	Pat50	skcm_dfci_2015	Melanoma	Cutaneous Melanoma	1:DECEASED	1:DECEASED	444	523	3.729911244	306.4735356	0.41368994	-487.1412173	-180.6676817	0.053747772	0.086772372	0.016298997	0.055979744	0.026095269	0	A0201/A1101	B1801/B2703	C0704/C1203	PD	M1c		Male	1:Recurred/Progressed	1	77	4												0	Matched	14.5		Nodular					0.030272756	0	0.001447537	0	0.024186498	0	0.002275526	0	0	0.030043112	0.023145846	0.037992765	0	0.025431747	0	0	0.172994703	0.037	1.015514102	SKCM	skin	ipilimumab
Pat54	Pat54	skcm_dfci_2015	Melanoma	Cutaneous Melanoma	1:DECEASED	1:DECEASED	866	679												A0201/A0301	B3501/B4001	C0304/C0401	PD	M1c		Male	1:Recurred/Progressed	1	73	4												1	Matched	28.0		Unknown or NA																								SKCM	skin	ipilimumab
Pat55	Pat55	skcm_dfci_2015	Melanoma	Cutaneous Melanoma	1:DECEASED	1:DECEASED	484	483												A0201/A0301	B0702/B1501	C0401/C0702	PD	M1c		Female	1:Recurred/Progressed	1	71	4												1	Matched	15.8		Lentigo maligna																								SKCM	skin	ipilimumab
Pat56	Pat56	skcm_dfci_2015	Melanoma	Cutaneous Melanoma	1:DECEASED	1:DECEASED	44	38												A0201/A2402	B0702/B5501	C0303/C0702	PD	M1c		Male	1:Recurred/Progressed	1	68	4												1	Matched	1.43333333333		Acrolentigenous																								SKCM	skin	ipilimumab
Pat57	Pat57	skcm_dfci_2015	Melanoma	Cutaneous Melanoma	1:DECEASED	1:DECEASED	56	32												A0101/A0301	B0702/B5701	C0701/C0702	PD	M0		Male	1:Recurred/Progressed	1	69	3												1	Matched	1.83333333333		Unknown or NA																								SKCM	skin	ipilimumab
Pat58	Pat58	skcm_dfci_2015	Melanoma	Cutaneous Melanoma	1:DECEASED	1:DECEASED	1921	1971												A0201/A2902	B3901/B4403	C1203/C1601	PD	M0		Female	1:Recurred/Progressed	1	59	3												1	Matched	63.2666666667		Acrolentigenous																								SKCM	skin	ipilimumab
Pat59	Pat59	skcm_dfci_2015	Melanoma	Cutaneous Melanoma	1:DECEASED	1:DECEASED	273	309												A0201/A0201	B1501/B5101	C0303/C1502	PD	M1b		Male	1:Recurred/Progressed	1	36	4												1	Matched	8.8		Unknown or NA																								SKCM	skin	ipilimumab
Pat60	Pat60	skcm_dfci_2015	Melanoma	Cutaneous Melanoma	1:DECEASED	1:DECEASED	738	472												A0101/A1101	B0801/B5502	C0102/C0701	PD	M1c		Male	1:Recurred/Progressed	1	86	4												1	Matched	24.2333333333		Nodular																								SKCM	skin	ipilimumab
Pat62	Pat62	skcm_dfci_2015	Melanoma	Cutaneous Melanoma	1:DECEASED	1:DECEASED	1379	1340												A0201/A2402	B2705/B5101	C0102/C1402	PD	M1c		Male	1:Recurred/Progressed	1	76	4												1	Matched	45.1		Unknown or NA																								SKCM	skin	ipilimumab
Pat63	Pat63	skcm_dfci_2015	Melanoma	Cutaneous Melanoma	0:LIVING	0:LIVING	209	48												A0301/A0301	B4402/B4405	C0202/C0704	CR	M0		Male	0:DiseaseFree	1	65	3													Matched	6.93333333333		Unknown or NA																								SKCM	skin	ipilimumab
Pat64	Pat64	skcm_dfci_2015	Melanoma	Cutaneous Melanoma	1:DECEASED	1:DECEASED	659	559												A0101/A1101	B0801/B5101	C0701/C1502	PD	M1c		Male	1:Recurred/Progressed	1	83	4												1	Matched	21.4666666667		Superficial spreading																								SKCM	skin	ipilimumab
Pat66	Pat66	skcm_dfci_2015	Melanoma	Cutaneous Melanoma	0:LIVING	0:LIVING	327	242												A0101/A2402	B5501/B5801	C0303/C0303	SD	M0		Female	1:Recurred/Progressed	1	44	3												1	Matched	10.7333333333		Superficial spreading																								SKCM	skin	ipilimumab
Pat67	Pat67	skcm_dfci_2015	Melanoma	Cutaneous Melanoma	1:DECEASED	1:DECEASED	27	11												A1101/A2601	B0702/B3503	C0401/C1602	PD	M1c		Male	1:Recurred/Progressed	1	39	4												1	Matched	0.866666666667		Nodular																								SKCM	skin	ipilimumab
Pat70	Pat70	skcm_dfci_2015	Melanoma	Cutaneous Melanoma	1:DECEASED	1:DECEASED	77	38												A0301/A2402	B0702/B2702	C0202/C0702	PD	M1c		Male	1:Recurred/Progressed	1	38	4												1	Matched	2.53333333333		Nodular																								SKCM	skin	ipilimumab
Pat71	Pat71	skcm_dfci_2015	Melanoma	Cutaneous Melanoma	1:DECEASED	1:DECEASED	722	726												A0201/A2601	B0702/B3801	C0702/C1203	PD	M1c		Male	1:Recurred/Progressed	1	63	4												0	Matched	23.5333333333		Unknown or NA																								SKCM	occult	ipilimumab
Pat73	Pat73	skcm_dfci_2015	Melanoma	Cutaneous Melanoma	1:DECEASED	1:DECEASED	243	281												A2601/A3101	B3801/B5101	C1203/C1502	PR	M1c		Male	1:Recurred/Progressed	1	71	4												1	Matched	7.86666666667		Nodular																								SKCM	skin	ipilimumab
Pat74	Pat74	skcm_dfci_2015	Melanoma	Cutaneous Melanoma	1:DECEASED	1:DECEASED	509	611												A1101/A3001	B1302/B5201	C0602/C1203	PD	M1c		Male	1:Recurred/Progressed	1	73	4												0	Matched	16.6333333333		Superficial spreading																								SKCM	skin	ipilimumab
Pat76	Pat76	skcm_dfci_2015	Melanoma	Cutaneous Melanoma	1:DECEASED	1:DECEASED	198	82												A0101/A0101	B0801/B3501	C0401/C0701	PD	M1c		Male	1:Recurred/Progressed	1	74	4												1	Matched	6.4		Unknown or NA																								SKCM	occult	ipilimumab
Pat77	Pat77	skcm_dfci_2015	Melanoma	Cutaneous Melanoma	0:LIVING	0:LIVING	375	251												A2402/A2601	B3801/B5502	C0102/C1203	PR	M0		Male	0:DiseaseFree	1	21	3												0	Matched	12.1		Unknown or NA																								SKCM	occult	ipilimumab
Pat78	Pat78	skcm_dfci_2015	Melanoma	Cutaneous Melanoma	1:DECEASED	1:DECEASED	154	76												A0101/A0301	B0801/B1402	C0701/C0802	PD	M1c		Female	1:Recurred/Progressed	1	71	4												1	Matched	5.1		Nodular																								SKCM	skin	ipilimumab
Pat79	Pat79	skcm_dfci_2015	Melanoma	Cutaneous Melanoma	1:DECEASED	1:DECEASED	321	143	8.675383365	278.6261547	0.387429385	-510.3092583	-231.6831036	0.046122189	0.055225357	0.014157865	0.014308751	0.076130989	0	A0201/A2301	B1402/B2705	C0202/C0802	PR	M1b		Male	1:Recurred/Progressed	1	69	4												0	Matched	10.5		Superficial spreading					0.047660929	0	0.006123352	0.00360328	0	0.015730109	0.015309296	0	0	0.034438279	0.007325168	0.015892307	0	0.035401514	0	0	0.154734049	0.048	1.017683088	SKCM	skin	ipilimumab
Pat80	Pat80	skcm_dfci_2015	Melanoma	Cutaneous Melanoma	1:DECEASED	1:DECEASED	193	154	13.34433186	1435.063812	0.641805633	224.0182746	1659.082087	0.065557146	0.315997966	0.034140578	0.055486288	0.0533325	0	A0201/A0301	B0702/B4001	C0304/C0702	SD	M1c		Male	1:Recurred/Progressed	1	48	4												1	Matched	6.3		Nodular					0.009361822	0	0.000923431	0	0.023208873	0	0.011803565	0	0.00556079	0.014267922	0.008678446	0	0	0.043486305	0	0	0.082103562	0.131	1.096515981	SKCM	skin	ipilimumab
Pat81	Pat81	skcm_dfci_2015	Melanoma	Cutaneous Melanoma	1:DECEASED	1:DECEASED	111	96	1.161452339	354.2816772	0.245201228	-166.0178443	188.2638329	0	0.040572398	0.002041774	0.055234419	0.016863657	0	A0201/A2601	B5101/B5801	C0706/C1402	PD	M1a		Female	1:Recurred/Progressed	1	54	4												0	Matched	3.66666666667		Unknown or NA					0.009299268	0	0.000853462	0.00247703	0	0.034378169	0.020371925	0	0	0.023087514	0	0.038091259	0	0.001930351	0	0	-0.005097096	0.604	1.076753543	SKCM	mucosal	ipilimumab
Pat82	Pat82	skcm_dfci_2015	Melanoma	Cutaneous Melanoma	1:DECEASED	1:DECEASED	408	179												A2601/A2902	B0702/B4403	C0702/C1601	PD	M1c		Female	1:Recurred/Progressed	1	54	4													Matched	13.2333333333		Nodular																								SKCM	skin	ipilimumab
Pat83	Pat83	skcm_dfci_2015	Melanoma	Cutaneous Melanoma	0:LIVING	0:LIVING	37	15	35.09007139	1637.79015	0.727882402	-116.9774245	1520.812725	0.281496412	0.087816186	0.074640459	0.079002972	0.003328079	0	A0101/A0101	B0801/B3502	C0602/C0701	PD	M1c		Male	1:Recurred/Progressed	1	22	4												0	Matched	1.23333333333		Unknown or NA					0	0.013023957	0.014774269	0	0.017842134	0	0.026872657	0	0.038254261	0	0.059204479	0	0	0.026588829	0	0.005037709	0.160298299	0.043	1.034421873	SKCM	skin	ipilimumab
Pat85	Pat85	skcm_dfci_2015	Melanoma	Cutaneous Melanoma	1:DECEASED	1:DECEASED	408	239	101.0326545	3434.435547	1.921508668	1135.198447	4569.633994	0.528967185	0.069534051	0.270064074	0.214020913	0	0	A0201/A1101	B2702/B2705	C0202/C0202	PD	M1c		Male	1:Recurred/Progressed	1	83	4												0	Matched	13.4333333333		Unknown or NA					0	0.02096449	0.016829783	0.002932626	0.272889685	0	0.105456895	0	0.106896502	0	0.041813898	0	0	0.230811304	0	0.040327263	0.10156389	0.099	1.065213263	SKCM	skin	ipilimumab
Pat86	Pat86	skcm_dfci_2015	Melanoma	Cutaneous Melanoma	1:DECEASED	1:DECEASED	62	38	7.584851831	586.9898626	0.406555314	-541.268474	45.72138865	0.049853224	0	0.02332376	0.169969557	0	0	A3001/A6801	B1302/B3503	C0401/C0602	SD	M1a		Male	1:Recurred/Progressed	1	55	4												0	Matched	2.0		Acrolentigenous					0.01639361	0	0	0	0.017848887	0	0.034155267	0	0.014576658	0	0.001939034	0.041742476	0	0.030424023	0.006328818	0	0.027884776	0.318	1.078765592	SKCM	skin	ipilimumab
Pat88	Pat88	skcm_dfci_2015	Melanoma	Cutaneous Melanoma	0:LIVING	0:LIVING	1597	716	73.8423645	2237.292471	1.093942382	-495.5717321	1741.720739	0.322276325	0.150396918	0.111921848	0.04059812	0.084048035	0	A0301/A2902	B1402/B4403	C0802/C1601	SD	M1c		Female	0:DiseaseFree	1	60	4													Matched	51.9333333333		Unknown or NA					0.026834341	0	0	0	0.111012109	0	0.04777778	0	0.05299048	0	0.025839546	0	0	0.08786527	0.032381609	0	0.082364879	0.131	1.0692091	SKCM	skin	ipilimumab
Pat90	Pat90	skcm_dfci_2015	Melanoma	Cutaneous Melanoma	0:LIVING	0:LIVING	207	115	9.107946351	704.6696346	0.661076719	-492.712322	211.9573126	0.0810071	0.108927232	0.079375535	0.072390505	0.013542898	0	A2402/A2601	B1801/B4002	C0202/C0701	PR	M1c		Male	0:DiseaseFree	1	59	4												0	Matched	6.73333333333		Unknown or NA					0.040208647	0.00349012	0.002404348	0.003697884	0	0	0.021776381	0	0	0.029867816	0.045336662	0.127093141	0	0.03195845	0	0	0.187615478	0.035	1.013491565	SKCM	skin	ipilimumab
Pat92	Pat92	skcm_dfci_2015	Melanoma	Cutaneous Melanoma	1:DECEASED	1:DECEASED	39	13												A0101/A0301	B3501/B3701	C0401/C0602	PD	M1c		Male	1:Recurred/Progressed	1	49	4												1	Matched	1.26666666667		Unknown or NA																								SKCM	skin	ipilimumab
Pat98	Pat98	skcm_dfci_2015	Melanoma	Cutaneous Melanoma	1:DECEASED	1:DECEASED	33	16	9.165366238	1095.247164	0.600840903	-257.3835556	837.863608	0.041053149	0.263243659	0.035924789	0.048396524	0.002350381	0	A0101/A0301	B0801/B3503	C0401/C0701	PD	M1c		Female	1:Recurred/Progressed	1	57	4												0	Matched	1.1		Unknown or NA					0.048508919	0	0	0	0.045241192	0	0.001930826	0	0.023486442	0	0.001127938	0.02838112	0	0.059359942	0.001836021	0	0.130766347	0.065	1.063788361	SKCM	skin	ipilimumab
CR0095	CR0095	skcm_mskcc_2014	Melanoma	Cutaneous Melanoma	0:LIVING	0:LIVING	282	186												A0201/A3101	B3502/B3906	C0401/C0702	LB	M1b		Male		1	74	groin metastasis	Discovery_Set	10x22	DPA1_0103/DPA1_0103	DPB1_0301/DPB1_0401	DQA1_0301/DQA1_0401	DQB1_0305/DQB1_0402	DRB1_0403/DRB1_0801			BRAF V600E	65	113	Matched	9.46666666667	response		Met lymph node	4		post																				SKCM		Ipilimumab
CR04885	CR04885	skcm_mskcc_2014	Melanoma	Cutaneous Melanoma	0:LIVING	0:LIVING	2102	1993												A0201/A3201	B0702/B1801	C0701/C0702	LB	M0		Female		1	49	scalp metastasis	Validation_Set	15x4	DPA1_0103/DPA1_0202	DPB1_0101/DPB1_0101	DQA1_0201/DQA1_0303	DQB1_0202/DQB1_0301	DRB1_0407/DRB1_0701			WT BRAF, WT NRAS	85		Matched	72.4333333333	nonresponse		Met skin or soft tissue	3		pre																				SKCM		Tremelimumab
CR06670	CR06670	skcm_mskcc_2014	Melanoma	Cutaneous Melanoma	1:DECEASED	1:DECEASED	590	358												A2402/A2601	B1801/B4403	C1203/C1601	LB	M0		Female		1	79	left thigh metastasis	Validation_Set	15x4	DPA1_0103/DPA1_0103	DPB1_0401/DPB1_0401	DQA1_0102/DQA1_0201	DQB1_0602/DQB1_0602	DRB1_0701/DRB1_1501			BRAF V600K	168		Matched	20.3666666667	response		Met skin or soft tissue	3		post																				SKCM		Tremelimumab
CR1509	CR1509	skcm_mskcc_2014	Melanoma	Cutaneous Melanoma	0:LIVING	0:LIVING	539	245	228.5193604	3380.008673		599.2004727	3979.209145	573.9711772	973.0397529	363.3099633	416.8534513	266.4153797	0	A2601/A3301	B3501/B3801	C0401/C1203	LB	M1c		Female		1	54	gluteal metastasis	Discovery_Set	10x14	DPA1_0103/DPA1_0103	DPB1_0201/DPB1_0401	DQA1_0102/DQA1_0102	DQB1_0302/DQB1_0609	DRB1_0402/DRB1_1302			BRAF V600E	72	181	Matched	17.7333333333	nonresponse		Met lymph node	4		post	0	97.19549898	0	0	0	35.63393748	87.81877018	0	75.73006776	0	38.90266612	136.5742697	0	118.1983591	175.3503782	21.0150045	0.185659626	0.032	1.020436103	SKCM		Ipilimumab
CR22640	CR22640	skcm_mskcc_2014	Melanoma	Cutaneous Melanoma	0:LIVING	0:LIVING	334	217												A0201/A0301	B4101/B5001	C0602/C1701	LB	M1c		Male		1	71	lung metastasis	Validation_Set	3x4	DPA1_0103/DPA1_0201	DPB1_0201/DPB1_1301	DQA1_0201/DQA1_0501	DQB1_0201/DQB1_0202	DRB1_0301/DRB1_0701			WT BRAF, WT NRAS	216		Matched	11.5333333333	response		Met lung	4		pre																				SKCM		Ipilimumab
CR3665	CR3665	skcm_mskcc_2014	Melanoma	Cutaneous Melanoma	0:LIVING	0:LIVING	141	45												A0205/A6801	B1402/B1801	C0701/C0802	LB	M1b		Male		1	70	breast metastasis	Discovery_Set	3x4	DPA1_0103/DPA1_0201	DPB1_0401/DPB1_1001	DQA1_0103/DQA1_0104	DQB1_0503/DQB1_0603	DRB1_1301/DRB1_1454			NRAS Q61K	48	243	Matched	4.8	nonresponse		Met skin or soft tissue	4		pre																				SKCM		Ipilimumab
CR4880	CR4880	skcm_mskcc_2014	Melanoma	Melanoma of Unknown Primary	0:LIVING	0:LIVING	2570	2026												A0101/A0201	B0801/B4001	C0304/C0701	LB	M1b		Male		1	63	groin metastasis	Discovery_Set	10x16	DPA1_0103/DPA1_0103	DPB1_0401/DPB1_0401	DQA1_0303/DQA1_0501	DQB1_0201/DQB1_0301	DRB1_0301/DRB1_0401			BRAF G469R	59	92	Matched	83.8	nonresponse		Met lymph node	4		pre																				MUP		Ipilimumab
CR6126	CR6126	skcm_mskcc_2014	Melanoma	Cutaneous Melanoma	0:LIVING	0:LIVING	562	450	10.44805366	1161.334051		-229.1926686	932.1413822	201.973667	125.9290836	187.3582315	152.9507593	56.75468657	0	A0301/A3201	B4402/B5101	C0501/C1502	LB	M1b		Female		1	66	elbow metastasis	Validation_Set	3x4	DPA1_0103/DPA1_0103	DPB1_0401/DPB1_1901	DQA1_0103/DQA1_0505	DQB1_0603/DQB1_0603	DRB1_0801/DRB1_1301			NRAS Q61K	101	211	Matched	18.9666666667	nonresponse		Met skin or soft tissue	4		pre	39.00393483	0	38.27488648	0	0	98.31236827	0	0	0	0	0	90.67711019	0	108.0500056	62.04931651	0	0.186957772	0.032	1.015540679	SKCM		Ipilimumab
CR6161	CR6161	skcm_mskcc_2014	Melanoma	Cutaneous Melanoma	1:DECEASED	1:DECEASED	930	959												A0201/A0201	B1801/B5701	C0602/C1203	LB	M1b		Male		1	81	left axillary lymph nodes	Validation_Set	3x4	DPA1_0103/DPA1_0103	DPB1_0401/DPB1_10401	DQA1_0201/DQA1_0505	DQB1_0301/DQB1_0303	DRB1_0901/DRB1_1101			NRAS Q61L	136		Matched	32.1333333333	response		Met lymph node	4		pre																				SKCM		Ipilimumab
CR7623	CR7623	skcm_mskcc_2014	Melanoma	Cutaneous Melanoma	0:LIVING	0:LIVING	503	425	15.86093165	1365.248763		418.1583952	1783.407158	177.6715422	62.0436017	66.89259259	276.7793255	64.25006487	0	A0201/A6801	B3501/B5101	C0401/C0602	NB	M1c		Male		1	62	nonresponding adrenal gland metastasis	Discovery_Set	10x17	DPA1_0103/DPA1_0103	DPB1_0401/DPB1_0401	DQA1_0201/DQA1_0201	DQB1_0202/DQB1_0303	DRB1_0701/DRB1_0701			WT BRAF, NRAS	47	357	Matched	16.5333333333	nonresponse		Met adrenal	4		post	0	67.76040068	0	7.186864719	54.01843328	0	248.5960789	0	0	24.79434286	79.38554988	201.5903019	0	34.27966394	0	0	0.160698916	0.044	1.01392146	SKCM		Ipilimumab
CR9306	CR9306	skcm_mskcc_2014	Melanoma	Cutaneous Melanoma	0:LIVING	0:LIVING	1389	214												A2402/A2402	B3502/B4402	C0401/C1604	LB	M1c		Male		1	65	coracoid metastasis	Discovery_Set	10x25	DPA1_0103/DPA1_0103	DPB1_0201/DPB1_0401	DQA1_0105/DQA1_0505	DQB1_0301/DQB1_0501	DRB1_1001/DRB1_1104			BRAF E501K	42	121	Matched	47.5333333333	response		Met bone	4		pre																				SKCM		Ipilimumab
CR9699	CR9699	skcm_mskcc_2014	Melanoma	Cutaneous Melanoma	0:LIVING	0:LIVING	1228	413	67.11187819	2599.435085		-209.1678392	2390.267245	300.5403939	364.8512445	211.5962254	442.8769148	160.9852607	0	A2301/A2601	B2705/B4403	C0102/C0401	LB	M1c		Male		1	70	portal lymph node metastasis	Discovery_Set	10x19	DPA1_0103/DPA1_0103	DPB1_0201/DPB1_10501	DQA1_0101/DQA1_0102	DQB1_0501/DQB1_0501	DRB1_0101/DRB1_0101			BRAF V600K	52	191	Matched	41.7666666667	nonresponse		Met lymph node	4		post	0	153.4118066	20.98309491	0	27.06365447	0	0	0	0	0	149.9158446	221.6936686	0	293.9048341	251.6121449	0	0.178314222	0.034	1.014869485	SKCM		Ipilimumab
CRNR0244	CRNR0244	skcm_mskcc_2014	Melanoma	Melanoma of Unknown Primary	0:LIVING	0:LIVING	543	333												A0101/A0301	B0702/B4402	C0501/C0702	NB	M1c		Male		1	49	small bowel nonresponding metastasis	Validation_Set	3x4	DPA1_0103/DPA1_0103	DPB1_0101/DPB1_0401	DQA1_0301/DQA1_0505	DQB1_0301/DQB1_0302	DRB1_0401/DRB1_1104			BRAF V600E	109	180	Matched	18.6666666667	nonresponse		Met GI	4		post																				MUP		Ipilimumab
CRNR2472	CRNR2472	skcm_mskcc_2014	Melanoma	Cutaneous Melanoma	0:LIVING	0:LIVING	627	666												A3002/A3201	B1501/B1801	C0303/C0501	NB	M1c		Male		1	71	nonresponding spleen metastasis	Validation_Set	randomized 3 vs 10x4	DPA1_0103/DPA1_0103	DPB1_1001/DPB1_10401	DQA1_0104/DQA1_0501	DQB1_0503/DQB1_0503	DRB1_1454/DRB1_1454			WT BRAF, NRAS	89	129	Matched	21.3666666667			Met spleen	4		post																				SKCM		Ipilimumab
CRNR4941	CRNR4941	skcm_mskcc_2014	Melanoma	Melanoma of Unknown Primary	0:LIVING	0:LIVING	117	125												A0206/A6802	B1801/B4801	C0501/C0803	NB	M1c		Female		1	40	nonresponding inguinal metastasis	Validation_Set	10x20 then 3x1	DPA1_0103/DPA1_0103	DPB1_0201/DPB1_0202	DQA1_0301/DQA1_0501	DQB1_0201/DQB1_0301	DRB1_0301/DRB1_0403			WT BRAF, NRAS	376		Matched	4.0	nonresponse		Met lymph node	4		post																				MUP		Ipilimumab
LSD0167	LSD0167	skcm_mskcc_2014	Melanoma	Cutaneous Melanoma	0:LIVING	0:LIVING	399	344	58.40948022	2060.326806		-91.86775517	1968.459051	221.666255	294.8004415	155.3941373	309.7566896	162.8503199	0	A0101/A0301	B0702/B0801	C0701/C0702	LB	M1c		Male		1	33	small bowel melanoma	Validation_Set	3x3	DPA1_0103/DPA1_0103	DPB1_0301/DPB1_0401	DQA1_0102/DQA1_0501	DQB1_0602/DQB1_0602	DRB1_1501/DRB1_1601			BRAF V600E	140	156	Matched	13.3666666667	response		Met GI	4		pre	0	173.2235173	0	0	305.9571915	0	36.35151404	75.58093996	28.03648421	41.61277076	7.442046706	127.6544761	0	120.0000221	0	0	0.146769116	0.052	1.027122126	SKCM		Ipilimumab
LSD2057	LSD2057	skcm_mskcc_2014	Melanoma	Cutaneous Melanoma	0:LIVING	0:LIVING	171	93												A1101/A2402	B3501/B5101	C0102/C0401	LB	M1c		Female		1	36	left parietal brain metastasis	Validation_Set	3x4	DPA1_0103/DPA1_0103	DPB1_0202/DPB1_0401	DQA1_0102/DQA1_0104	DQB1_0503/DQB1_0602	DRB1_1454/DRB1_1501			BRAF V600E	64	327	Matched	5.76666666667	nonresponse		Met CNS	4		pre																				SKCM		Ipilimumab
LSD3484	LSD3484	skcm_mskcc_2014	Melanoma	Cutaneous Melanoma	0:LIVING	0:LIVING	531	529												A1101/A1101	B3501/B4402	C0401/C0501	LB	M1c		Male		1	74	lymph node metastases	Validation_Set	3x4	DPA1_0103/DPA1_0103	DPB1_0202/DPB1_0401	DQA1_0101/DQA1_0501	DQB1_0501/DQB1_0501	DRB1_0103/DRB1_0301			WT BRAF, NRAS	154	664	Matched	18.0333333333	response		Met lymph node	4		pre																				SKCM		Ipilimumab
LSD4691	LSD4691	skcm_mskcc_2014	Melanoma	Cutaneous Melanoma	0:LIVING	0:LIVING	393	104												A0101/A2402	B3508/B4402	C0401/C0501	LB	M1c		Male		1	62	vetebral metastasos	Validation_Set	3x14	DPA1_0103/DPA1_0103	DPB1_0301/DPB1_0401	DQA1_0103/DQA1_0105	DQB1_0501/DQB1_0603	DRB1_1301/DRB1_1301			WT BRAF, NRAS	383		Matched	13.4333333333	nonresponse		Met bone	4		post																				SKCM		Ipilimumab
LSD4744	LSD4744	skcm_mskcc_2014	Melanoma	Cutaneous Melanoma	0:LIVING	0:LIVING	1124	1469												A0201/A2402	B0702/B3901	C0702/C1203	LB	M1c		Male		1	52		Validation_Set	3x7	DPA1_0103/DPA1_0103	DPB1_0301/DPB1_0401	DQA1_0102/DQA1_0102	DQB1_0602/DQB1_0602	DRB1_0701/DRB1_1501			NRAS Q61K	80	250	Matched	37.8666666667				4		pre																				SKCM		Ipilimumab
LSD6819	LSD6819	skcm_mskcc_2014	Melanoma	Acral Melanoma	0:LIVING	0:LIVING	216	123												A0101/A2902	B0801/B4403	C0701/C1601	LB	M1c		Male		1	55	skin nodule	Validation_Set	3x3	DPA1_0103/DPA1_0103	DPB1_0401/DPB1_1101	DQA1_0201/DQA1_0501	DQB1_0202/DQB1_0202	DRB1_0301/DRB1_0901			BRAF V600E	67	178	Matched	7.73333333333	nonresponse			4		pre																				ACRM		Ipilimumab
LSDNR1120	LSDNR1120	skcm_mskcc_2014	Melanoma	Melanoma of Unknown Primary	0:LIVING	0:LIVING	537	384												A0201/A0301	B0801/B0801	C0701/C0702	NB	M1a		Male		1	68	L axillary lymph node dissection	Validation_Set	10x13	DPA1_0103/DPA1_0103	DPB1_0401/DPB1_0402	DQA1_0101/DQA1_0101	DQB1_0303/DQB1_0501	DRB1_0101/DRB1_0701			NRAS Q61R	242	178	Matched	18.5333333333	response		Met lymph node	4		pre																				MUP		Ipilimumab
LSDNR1650	LSDNR1650	skcm_mskcc_2014	Melanoma	Melanoma	1:DECEASED	1:DECEASED	25	10												A0301/A3201	B3501/B4101	C0401/C1701	NB	M1c		Female		1	71	pubic nonresponding metastsis	Validation_Set	3x7	DPA1_0103/DPA1_0103	DPB1_1001/DPB1_10401	DQA1_0501/DQA1_0505	DQB1_0201/DQB1_0301	DRB1_0301/DRB1_0801			WT BRAF, NRAS	73	286	Matched	0.933333333333	nonresponse		Met bone	4		post																				MEL		Ipilimumab
LSDNR3086	LSDNR3086	skcm_mskcc_2014	Melanoma	Cutaneous Melanoma	1:DECEASED	1:DECEASED	54	43												A0201/A3001	B1302/B4001	C0304/C0602	NB	M1c		Male		1	43	nonresponding cutaneous metastasis	Validation_Set	randomized 0.3, 3 or 10x4; 10x10	DPA1_0103/DPA1_0103	DPB1_0201/DPB1_0301	DQA1_0102/DQA1_0102	DQB1_0601/DQB1_0604	DRB1_0701/DRB1_1302			BRAF V600E	135		Matched	1.96666666667	response		Met skin or soft tissue	4		post																				SKCM		Ipilimumab
LSDNR9298	LSDNR9298	skcm_mskcc_2014	Melanoma	Cutaneous Melanoma	0:LIVING	0:LIVING	1277	960												A2902/A3201	B4402/B4501	C0501/C0602	NB	M1c		Female		1	82	lymph node metastasis	Validation_Set	3x4	DPA1_0103/DPA1_0103	DPB1_0201/DPB1_0401	DQA1_0201/DQA1_0301	DQB1_0202/DQB1_0302	DRB1_0403/DRB1_0701			BRAF L597R	217	232	Matched	43.8666666667	nonresponse		Met lymph node	4		post																				SKCM		Ipilimumab
NR1867	NR1867	skcm_mskcc_2014	Melanoma	Acral Melanoma	1:DECEASED	1:DECEASED	80	75												A3402/A6801	B1503/B1503	C0210/C0210	NB	M1c		Male		1	68	groin lymph nodes	Discovery_Set	3x4	DPA1_0103/DPA1_0103	DPB1_0201/DPB1_0301	DQA1_0102/DQA1_0102	DQB1_0602/DQB1_0602	DRB1_0801/DRB1_1101			NRAS G12C	23	225	Matched	2.7	nonresponse		Met lymph node	4		pre																				ACRM		Ipilimumab
NR2137	NR2137	skcm_mskcc_2014	Melanoma	Cutaneous Melanoma	0:LIVING	0:LIVING	635	764												A0101/A0201	B0702/B3901	C0702/C1203	NB	M1c		Male		1	18	R occipital brain	Validation_Set	3x4	DPA1_0103/DPA1_0103	DPB1_0401/DPB1_0401	DQA1_0101/DQA1_0101	DQB1_0302/DQB1_0501	DRB1_0101/DRB1_0404			BRAF V600E	8	293	Matched	22.0	nonresponse		Met CNS	4		pre																				SKCM		Ipilimumab
NR3156	NR3156	skcm_mskcc_2014	Melanoma	Cutaneous Melanoma	1:DECEASED	1:DECEASED	6	5												A3201/A6801	B1401/B4402	C0704/C0802	NB	M1b		Female		1	68	gluteal metastasis	Discovery_Set	3x4	DPA1_0103/DPA1_0103	DPB1_0401/DPB1_0401	DQA1_0201/DQA1_0505	DQB1_0202/DQB1_0301	DRB1_0801/DRB1_1101			WT BRAF, NRAS	11	203	Matched	0.2			Met skin or soft tissue	4		pre																				SKCM		Ipilimumab
NR3549	NR3549	skcm_mskcc_2014	Melanoma	Cutaneous Melanoma	1:DECEASED	1:DECEASED	365	268	8.627671247	437.4491822		-548.6314303	-111.1822481	61.93511559	103.7656731	47.48480645	63.33119835	10.41776303	0	A0301/A1101	B0702/B0702	C0702/C0702	NB	M1c		Male		1	50	inguinal lymph nodes	Discovery_Set	10x3	DPA1_0103/DPA1_0201	DPB1_0401/DPB1_1101	DQA1_0102/DQA1_0102	DQB1_0602/DQB1_0602	DRB1_1501/DRB1_1501			NRAS Q61K	16	309	Matched	12.1333333333	nonresponse		Met lymph node	4		pre	0	67.57111287	0	0	0	1.42663727	3.45511275	0	0	8.373066939	11.993899	0	0	56.37259053	0	1.322205901	0.244979316	0.02	0.990967736	SKCM		Ipilimumab
NR4018	NR4018	skcm_mskcc_2014	Melanoma	Melanoma	0:LIVING	0:LIVING	146	142												A0201/A2601	B1801/B3501	C0401/C1203	NB	M1c		Male		1	55	skin metastasis	Validation_Set	10x4	DPA1_0103/DPA1_0103	DPB1_10501/DPB1_10501	DQA1_0101/DQA1_0102	DQB1_0501/DQB1_0602	DRB1_0101/DRB1_1501			BRAF V600K	11		Matched	4.96666666667	nonresponse		Met skin or soft tissue	4		pre																				MEL		Ipilimumab
NR4045	NR4045	skcm_mskcc_2014	Melanoma	Cutaneous Melanoma	1:DECEASED	1:DECEASED	451	561												A0201/A2601	B0702/B1801	C0702/C1203	NB	M1c		Male		1	42	R elbow metastasis	Validation_Set	3x4	DPA1_0103/DPA1_0103	DPB1_0201/DPB1_0402	DQA1_0102/DQA1_0102	DQB1_0602/DQB1_0602	DRB1_1501/DRB1_1501			BRAF V600E	11	237	Matched	15.5666666667	response		Met skin or soft tissue	4		post																				SKCM		Ipilimumab
NR4083	NR4083	skcm_mskcc_2014	Melanoma	Melanoma	1:DECEASED	1:DECEASED	444	246												A0101/A3101	B2705/B3701	C0202/C0602	NB	M1c		Male		1	54		Validation_Set	3x4	DPA1_0103/DPA1_0103	DPB1_0201/DPB1_0301	DQA1_0105/DQA1_0303	DQB1_0302/DQB1_0501	DRB1_0401/DRB1_0401			NRAS Q61K	12		Matched	15.3	nonresponse			4		pre																				MEL		Ipilimumab
NR4631	NR4631	skcm_mskcc_2014	Melanoma	Cutaneous Melanoma	1:DECEASED	1:DECEASED	1165	864	1.766302124	-1217.818561		-1691.67756	-2909.496121	-145.0604384	-194.3634758	-7.88678907	-117.4801373	0	0	A0101/A0301	B0702/B4201	C0701/C0702	NB	M1c		Male		1	59	CNS metastasis	Validation_Set	3x4	DPA1_0103/DPA1_0201	DPB1_0401/DPB1_1301	DQA1_0102/DQA1_0104	DQB1_0503/DQB1_0602	DRB1_1454/DRB1_1501			WT BRAF, NRAS	13	341	Matched	39.9666666667	nonresponse		Met CNS	4		post	-15.1834805	-0.638135708	-0.714268853	0	0	-245.4644749	-105.5844467	-2.701227519	0	-33.32976255	0	-171.5914414	0	-162.0060135	0	-15.81447005	-0.005189477	0.612	1.087506334	SKCM		Ipilimumab
NR4810	NR4810	skcm_mskcc_2014	Melanoma	Cutaneous Melanoma	1:DECEASED	1:DECEASED	358	237	3.234588194	63.12882451		-42.01744038	21.11138413	4.660769612	13.06188748	0	17.99643759	3.474107112	1.752558437	A0201/A3301	B1402/B1501	C0202/C0802	NB	M1c		Female		1	48	small bowel metastasis	Discovery_Set	3x4	DPA1_0103/DPA1_0201	DPB1_0101/DPB1_0401	DQA1_0101/DQA1_0505	DQB1_0301/DQB1_0501	DRB1_0102/DRB1_1217			BRAF V600E	12	330	Matched	11.9333333333	response		Met GI	4		post	0	1.234208669	0	0	6.508351576	0	1.275990797	4.357252916	0	3.04620826	0.087269981	5.673782077	0	0	0	0	0.024117012	0.356	1.089682227	SKCM		Ipilimumab
NR4949	NR4949	skcm_mskcc_2014	Melanoma	Melanoma of Unknown Primary	1:DECEASED	1:DECEASED	513	294												A0201/A0301	B2705/B4402	C0102/C0501	NB	M1c		Female		1	79	parietal metastasis	Discovery_Set	10x4	DPA1_0103/DPA1_0103	DPB1_0402/DPB1_1901	DQA1_0101/DQA1_0101	DQB1_0301/DQB1_0501	DRB1_0101/DRB1_0401			NRAS Q61R	23	160	Matched	17.1666666667	nonresponse		Met bone	4		post																				MUP		Ipilimumab
NR5784	NR5784	skcm_mskcc_2014	Melanoma	Cutaneous Melanoma	1:DECEASED	1:DECEASED	39	32	46.44948562	3606.760065		1547.113136	5153.873201	459.1874297	672.9876797	87.16832152	754.8139964	181.2466074	0	A0201/A2403	B0702/B5107	C0702/C1402	NB	M1c		Female		1	58	axillary lymph nodes	Discovery_Set	10x4	DPA1_0103/DPA1_0103	DPB1_0401/DPB1_0401	DQA1_0101/DQA1_0104	DQB1_0301/DQB1_0503	DRB1_1101/DRB1_1454			WT BRAF, NRAS	11	266	Matched	1.43333333333	nonresponse		Met lymph node	4		pre	0	749.0189501	0	0	71.04889206	0	18.78574848	0	0	45.63936478	177.9680625	4.970201932	0	173.0417044	126.8999576	83.98315203	0.332225521	0.008	0.949363763	SKCM		Ipilimumab
NR6689	NR6689	skcm_mskcc_2014	Melanoma	Cutaneous Melanoma	1:DECEASED	1:DECEASED	6	7												A0301/A1101	B0801/B3501	C0401/C0701	NB	M1c		Female		1	46	L temporal brain metastasis	Validation_Set	3x4	DPA1_0103/DPA1_0103	DPB1_0401/DPB1_0401	DQA1_0102/DQA1_0102	DQB1_0602/DQB1_0602	DRB1_0401/DRB1_1501			WT BRAF, WT NRAS	11	209	Matched	0.2	nonresponse		Met CNS	4		post																				SKCM		Ipilimumab
NR6721	NR6721	skcm_mskcc_2014	Melanoma	Cutaneous Melanoma	1:DECEASED	1:DECEASED	128	22												A0301/A1101	B5101/B5501	C0102/C0303	NB	M1a		Male		1	64	R chest wall nodular metastasis	Validation_Set	10x4	DPA1_0103/DPA1_0103	DPB1_0201/DPB1_0402	DQA1_0103/DQA1_0505	DQB1_0603/DQB1_0603	DRB1_1101/DRB1_1301			NRAS Q61R	3	144	Matched	4.36666666667	nonresponse		Met skin or soft tissue	4		post																				SKCM		Ipilimumab
NR6842	NR6842	skcm_mskcc_2014	Melanoma	Cutaneous Melanoma	1:DECEASED	1:DECEASED	3	3												A0201/A2402	B1501/B3503	C0303/C0401	NB	M1c		Male		1	64	R axillary lymph node metastasis	Validation_Set	3x4 then 3x3	DPA1_0103/DPA1_0103	DPB1_0301/DPB1_0401	DQA1_0102/DQA1_0102	DQB1_0602/DQB1_0602	DRB1_0404/DRB1_1501			WT BRAF, WT NRAS	12	176	Matched	0.166666666667	nonresponse		Met lymph node	4		pre																				SKCM		Ipilimumab
NR8727	NR8727	skcm_mskcc_2014	Melanoma	Cutaneous Melanoma	1:DECEASED	1:DECEASED	2	0												A2901/A6802	B1402/B3502	C0401/C0802	NB	M1c		Male		1	69	axillary lymph nodes	Discovery_Set	3x4	DPA1_0103/DPA1_0103	DPB1_0401/DPB1_0402	DQA1_0101/DQA1_0505	DQB1_0301/DQB1_0501	DRB1_0102/DRB1_1104			WT BRAF, NRAS	13	199	Matched	0.0333333333333	nonresponse		Met lymph node	4		pre																				SKCM		Ipilimumab
NR8815	NR8815	skcm_mskcc_2014	Melanoma	Cutaneous Melanoma	1:DECEASED	1:DECEASED	1699	801												A0201/A0301	B2702/B5101	C0102/C0202	NB	M1b		Female		1	67	anterior chest, skin metastasis	Validation_Set	3x4	DPA1_0103/DPA1_0103	DPB1_0301/DPB1_0401	DQA1_0102/DQA1_0401	DQB1_0602/DQB1_0602	DRB1_0801/DRB1_1501			BRAF S363F	9	180	Matched	58.1	nonresponse		Met skin or soft tissue	4		post																				SKCM		Ipilimumab
NR9341	NR9341	skcm_mskcc_2014	Melanoma	Cutaneous Melanoma	1:DECEASED	1:DECEASED	323	243												A0301/A0301	B0702/B1402	C0702/C0802	NB	M1a		Male		1	77	skin nodules	Discovery_Set	3x4	DPA1_0103/DPA1_0103	DPB1_0201/DPB1_10501	DQA1_0102/DQA1_0102	DQB1_0602/DQB1_0602	DRB1_1501/DRB1_1501			WT BRAF, NRAS	14		Matched	10.5	nonresponse			4		pre																				SKCM		Ipilimumab
NR9445	NR9445	skcm_mskcc_2014	Melanoma	Cutaneous Melanoma	1:DECEASED	1:DECEASED	267	187												A0201/A2601	B2705/B5701	C0102/C0602	NB	M1c		Male		1	50	abdonimal nodule	Validation_Set	3x3 + vem	DPA1_0103/DPA1_0103	DPB1_0201/DPB1_0402	DQA1_0101/DQA1_0201	DQB1_0303/DQB1_0501	DRB1_0101/DRB1_0701			BRAF V600E	8	2502	Matched	9.2	nonresponse			4		pre																				SKCM		Ipilimumab++vemurafenib
NR9449	NR9449	skcm_mskcc_2014	Melanoma	Cutaneous Melanoma	1:DECEASED	1:DECEASED	295	223	11.69056481	146.2842836		-833.9559806	-687.6716969	32.34769998	10.06251714	11.96633117	20.61991021	42.08228243	0	A0201/A0301	B4402/B5701	C0501/C0602	NB	M1c		Female		1	64	small bowel resection	Validation_Set	3x4	DPA1_0103/DPA1_0103	DPB1_0201/DPB1_0301	DQA1_0303/DQA1_0303	DQB1_0301/DQB1_0301	DRB1_0401/DRB1_0401			NRAS Q61R	10	202	Matched	9.8			Met GI	4		post	0	4.393690588	0	0	11.7792381	0	1.127658731	0.973756694	0	0.376104354	4.994136958	0	0	4.219459131	1.341498267	0	0.101808391	0.1	1.043155916	SKCM		Ipilimumab
NR9521	NR9521	skcm_mskcc_2014	Melanoma	Cutaneous Melanoma	1:DECEASED	1:DECEASED	1061	591	13.8445728	280.6804832		-760.8112882	-480.130805	99.54127514	19.59649272	14.62439009	55.71433969	7.039767408	0	A0201/A2402	B4402/B5101	C0102/C0501	NB	M1b		Male		1	74	L arm melanoma	Validation_Set	3x4	DPA1_0103/DPA1_0103	DPB1_0201/DPB1_0201	DQA1_0505/DQA1_0505	DQB1_0301/DQB1_0301	DRB1_0801/DRB1_1101			NRAS Q61L	12	169	Matched	35.6666666667				4		post	0	1.609857507	0.869877937	1.720146692	8.03183847	0	8.653749795	0	24.62946428	0	2.405349782	11.75158268	0	24.49235102	0	0	0.030980112	0.322	1.100127036	SKCM		Ipilimumab
NR9705	NR9705	skcm_mskcc_2014	Melanoma	Acral Melanoma	1:DECEASED	1:DECEASED	37	21	1.428082103	-573.3716908		-647.5733125	-1220.945003	-18.72554537	-248.9871108	-3.023346496	-167.4115795	-9.578611004	0	A0101/A2402	B0801/B1501	C0303/C0701	NB	M1c		Female		1	63	skin/chest wall metastasis	Validation_Set	3x4	DPA1_0103/DPA1_0103	DPB1_0101/DPB1_0401	DQA1_0501/DQA1_0505	DQB1_0201/DQB1_0301	DRB1_0301/DRB1_0801			BRAF V600E	29	167	Matched	1.5	nonresponse		Met skin or soft tissue	4		post	-6.357807912	0	0	0	-17.33009227	0	-42.31123861	-22.08092338	0	0	0	0	0	-37.56543482	0	0	0.129922366	0.066	1.091352001	ACRM		Ipilimumab
NR9765	NR9765	skcm_mskcc_2014	Melanoma	Cutaneous Melanoma	1:DECEASED	1:DECEASED	1148	112												A0101/A0301	B0702/B1517	C0701/C0702	NB	M1b		Female		1	38	left inguinal lymph nodes	Validation_Set	3x4	DPA1_0103/DPA1_0103	DPB1_0401/DPB1_0401	DQA1_0102/DQA1_0102	DQB1_0501/DQB1_0602	DRB1_1302/DRB1_1501			BRAF V600E	22	187	Matched	4.7	nonresponse		Met lymph node	4		pre																				SKCM		Ipilimumab
PR03803	PR03803	skcm_mskcc_2014	Melanoma	Cutaneous Melanoma	1:DECEASED	1:DECEASED	269	190												A0201/A2301	B4002/B5001	C0202/C0701	NB	M0		Male		1	90	forearm metastasis	Validation_Set	10x6	DPA1_0103/DPA1_0201	DPB1_0401/DPB1_1301	DQA1_0201/DQA1_0505	DQB1_0301/DQB1_0303	DRB1_0701/DRB1_1104			BRAF A652T	236		Matched	9.5			Met skin or soft tissue	3		post																				SKCM		Tremelimumab
PR12117	PR12117	skcm_mskcc_2014	Melanoma	Cutaneous Melanoma	1:DECEASED	1:DECEASED	1081	909												A0201/A0301	B3501/B4001	C0304/C0401	LB	M1c		Male		1	66	neck lymph node	Validation_Set	15x4	DPA1_0103/DPA1_0103	DPB1_0201/DPB1_0301	DQA1_0301/DQA1_0501	DQB1_0201/DQB1_0302	DRB1_0301/DRB1_0401			BRAF V600K	73		Matched	36.7333333333	nonresponse		Met lymph node	4		pre																				SKCM		Tremelimumab
PR4035	PR4035	skcm_mskcc_2014	Melanoma	Melanoma	0:LIVING	0:LIVING	525	494												A0101/A0201	B3901/B3906	C0602/C1203	LB	M1c		Male		1	78	soft tissue metastasis	Validation_Set	3x6	DPA1_0103/DPA1_0103	DPB1_0401/DPB1_0401	DQA1_0101/DQA1_0102	DQB1_0602/DQB1_0602	DRB1_1104/DRB1_1501			BRAF G469E	218		Matched	18.3333333333	nonresponse		Met skin or soft tissue	4		pre																				MEL		Ipilimumab
PR4046	PR4046	skcm_mskcc_2014	Melanoma	Melanoma	0:LIVING	0:LIVING	139	105												A0201/A0205	B1501/B4901	C0303/C0701	LB	M1a		Male		1	44	lymph nodes	Validation_Set	10x5	DPA1_0103/DPA1_0103	DPB1_0401/DPB1_0402	DQA1_0101/DQA1_0103	DQB1_0501/DQB1_0603	DRB1_0102/DRB1_1301			BRAF V600E	110		Matched	4.8	nonresponse		Met lymph node	4		pre																				MEL		Ipilimumab
PR4077	PR4077	skcm_mskcc_2014	Melanoma	Melanoma	0:LIVING	0:LIVING	1741	899												A0101/A0101	B0801/B5701	C0602/C0701	LB	M1c		Male		1	75		Validation_Set	10x4	DPA1_0103/DPA1_0103	DPB1_0101/DPB1_0401	DQA1_0501/DQA1_0505	DQB1_0201/DQB1_0301	DRB1_0301/DRB1_1101			WT BRAF, WT NRAS	316		Matched	59.7666666667	nonresponse			4		pre																				MEL		Ipilimumab
PR4091	PR4091	skcm_mskcc_2014	Melanoma	Melanoma	0:LIVING	0:LIVING	277	178												A0101/A0201	B3701/B4402	C0501/C0602	LB	M1a		Female		1	65	skin metastasis	Validation_Set	3x4	DPA1_0103/DPA1_0103	DPB1_0101/DPB1_0401	DQA1_0101/DQA1_0103	DQB1_0501/DQB1_0603	DRB1_1301/DRB1_1301			BRAF V600E	314		Matched	9.66666666667	nonresponse		Met skin or soft tissue	4		pre																				MEL		Ipilimumab
PR4092	PR4092	skcm_mskcc_2014	Melanoma	Melanoma	0:LIVING	0:LIVING	3267	2611												A2402/A2601	B3801/B4901	C0701/C1203	LB	M1a		Female		1	57	lymph nodes	Validation_Set	10x4	DPA1_0103/DPA1_0201	DPB1_0401/DPB1_0401	DQA1_0103/DQA1_0505	DQB1_0603/DQB1_0603	DRB1_1301/DRB1_1301			BRAF V600E	315		Matched	112.0	nonresponse		Met lymph node	4		pre																				MEL		Ipilimumab
SD0346	SD0346	skcm_mskcc_2014	Melanoma	Cutaneous Melanoma	1:DECEASED	1:DECEASED	537	459	1.590191469	-1132.373821		-1001.305507	-2133.679328	-78.14114276	-477.3923484	-78.3081996	-176.3746283	0	0	A0201/A0301	B0702/B1402	C0702/C0802	LB	M1b		Female		1	43	axillary soft tissue metastasis	Discovery_Set	10x3 + dacarbazinex6	DPA1_0103/DPA1_0103	DPB1_0201/DPB1_0401	DQA1_0102/DQA1_0102	DQB1_0602/DQB1_0602	DRB1_1501/DRB1_1501			NRAS Q61K	68	210	Matched	17.7	nonresponse		Met skin or soft tissue	4		post	0	-84.68369748	0	0	0	-21.72895366	0	0	0	-6.038141072	-16.94634905	0	0	-170.2923372	-22.46802461	0	0.137842288	0.057	1.058763501	SKCM		Ipilimumab+dacarbazine
SD1494	SD1494	skcm_mskcc_2014	Melanoma	Cutaneous Melanoma	0:LIVING	0:LIVING	915	492	240.1187752	3235.397246		750.2608413	3985.658087	1074.051721	52.54526812	262.6261694	490.246939	325.1114288	0	A0101/A2902	B0801/B4403	C0701/C1601	LB	M1c		Male		1	70	parietal metastasis	Discovery_Set	3x4	DPA1_0103/DPA1_0201	DPB1_0402/DPB1_1001	DQA1_0201/DQA1_0501	DQB1_0201/DQB1_0202	DRB1_0301/DRB1_0301			BRAF V600E	51	324	Matched	30.6	response		Met bone	4		pre	0	27.11609727	32.33110467	0	0	53.15939828	286.0139891	0	184.0421299	0	50.65805767	0	0	193.3121674	204.1827786	0	0.213199096	0.027	1.011394861	SKCM		Ipilimumab
SD2051	SD2051	skcm_mskcc_2014	Melanoma	Acral Melanoma	1:DECEASED	1:DECEASED	38	4	25.29744494	1800.460459		207.4073541	2007.867813	231.7465146	383.108595	263.2404967	281.6675883	81.13316661	0	A2301/A3601	B5301/B5301	C0401/C0401	NB	M1c		Female		1	61	groin lymph node metastases	Discovery_Set	3x5 + vemurafenib	DPA1_0201/DPA1_0201	DPB1_1101/DPB1_13101	DQA1_0102/DQA1_0102	DQB1_0602/DQB1_0602	DRB1_1101/DRB1_1201			BRAF V600E	16	439	Matched	1.46666666667	nonresponse		Met lymph node	4		pre	0	110.1935689	21.26456151	0	0	53.47855848	18.07554093	0	0	0	8.614326472	202.3057237	0	141.458111	4.173708606	0	0.117746464	0.077	1.047175139	ACRM		Ipilimumab++vemurafenib
SD2056	SD2056	skcm_mskcc_2014	Melanoma	Cutaneous Melanoma	0:LIVING	0:LIVING	136	42	61.81301725	2905.841516		440.297571	3346.139087	596.0434657	480.3637718	160.6888107	517.528305	118.7923849	0	A0301/A2402	B2705/B3906	C0401/C0702	LB	M1b		Female		1	39	lung metastasis	Discovery_Set	10x17	DPA1_0103/DPA1_0103	DPB1_0401/DPB1_0401	DQA1_0101/DQA1_0101	DQB1_0301/DQB1_0501	DRB1_0101/DRB1_0401			NRAS Q61K	208	195	Matched	4.66666666667			Met lung	4		pre	26.17031962	31.08359782	9.622008402	0	1.19E-01	10.60789069	51.95016388	0	112.1759813	0	440.4776245	0	0	232.0609771	87.98711145	30.17061147	0.254411643	0.018	0.985554987	SKCM		Ipilimumab
SD5038	SD5038	skcm_mskcc_2014	Melanoma	Cutaneous Melanoma	1:DECEASED	1:DECEASED	256	305	21.9502614	504.4890823		-388.8950476	115.5940347	58.81836495	90.60045824	47.40880607	166.1490281	8.629249934	0	A0201/A3301	B1402/B3901	C0802/C1203	NB	M1c		Male		1	55	upper back metastasis	Discovery_Set	10x9	DPA1_0103/DPA1_0103	DPB1_0401/DPB1_0402	DQA1_0101/DQA1_0505	DQB1_0301/DQB1_0501	DRB1_0102/DRB1_1101			NRAS Q61L	24	133	Matched	8.43333333333	nonresponse		Met skin or soft tissue	4		post	2.177795119	0.276318256	0	0	24.44077724	0	20.62090901	1.016957164	0	1.792319551	18.00311718	26.11788864	0	30.53501948	7.902073821	0	0.071273279	0.162	1.067742798	SKCM		Ipilimumab
SD5118	SD5118	skcm_mskcc_2014	Melanoma	Acral Melanoma	1:DECEASED	1:DECEASED	74	30	33.08700539	2212.871148		607.7575918	2820.62874	333.9619662	127.1292129	307.1441963	363.1736423	33.16877653	0	A0101/A0101	B0702/B0702	C0702/C0702	NB	M1c		Female		1	55	elbow metastasis	Discovery_Set	10x4 (09), 3x3 (12)	DPA1_0103/DPA1_0103	DPB1_0201/DPB1_0401	DQA1_0102/DQA1_0505	DQB1_0602/DQB1_0602	DRB1_1104/DRB1_1501			WT BRAF, NRAS	24	183	Matched	2.36666666667	response		Met skin or soft tissue	4		post	0	272.1663334	0	0	0	1.693342111	0	0	0	14.39670512	164.8151255	323.648597	0	206.0778788	53.30827397	12.18710239	0.241939174	0.021	0.995471999	ACRM		Ipilimumab
SD5934	SD5934	skcm_mskcc_2014	Melanoma	Cutaneous Melanoma	1:DECEASED	1:DECEASED	156	10												A2402/A2402	B3502/B3502	C0401/C0401	NB	M1c		Male		1	52	abdominal tumor nodules	Discovery_Set	10x6	DPA1_0103/DPA1_0103	DPB1_0201/DPB1_0401	DQA1_0505/DQA1_0505	DQB1_0301/DQB1_0301	DRB1_0801/DRB1_1104			BRAF V600E	14	179	Matched	5.26666666667	response			4		post																				SKCM		Ipilimumab
SD6336	SD6336	skcm_mskcc_2014	Melanoma	Cutaneous Melanoma	0:LIVING	0:LIVING	338	174	102.0615521	1927.814291		-516.091718	1411.722573	686.1622271	142.1900782	177.2419254	149.3711922	234.3755242	0	A3001/A3301	B1302/B1402	C0602/C0802	LB	M1c		Male		1	53	gluteal metastasis	Discovery_Set	10x34	DPA1_0103/DPA1_0201	DPB1_0301/DPB1_1701	DQA1_0201/DQA1_0505	DQB1_0202/DQB1_0301	DRB1_0701/DRB1_1104			BRAF V600E	361		Matched	11.1	nonresponse		Met skin or soft tissue	4		post	13.74328398	0	23.86708313	0	55.58073093	0	62.35106242	0	221.9681191	0	16.39768569	0	0	56.47293688	88.09244179	0	0.336687573	0.008	0.960217778	SKCM		Ipilimumab
SD6494	SD6494	skcm_mskcc_2014	Melanoma	Melanoma of Unknown Primary	1:DECEASED	1:DECEASED	594	540	0.614679081	-807.6951628		-1231.224541	-2038.919704	-18.86746985	-114.4396558	-44.05699831	-235.4890405	0	-2.886692012	A2402/A6802	B1402/B3501	C0401/C0802	NB	M1c		Female		1	63	small bowel metastasis	Discovery_Set	3x2	DPA1_0103/DPA1_0103	DPB1_0201/DPB1_0401	DQA1_0101/DQA1_0101	DQB1_0301/DQB1_0501				WT BRAF, NRAS	13	322	Matched	19.7666666667			Met GI	4		post	-8.362793331	0	0	-11.09007459	-92.07326743	0	-21.84638046	0	-41.92660701	0	-45.59956119	-79.44695987	0	-78.04587934	0	-13.56378398	0.016278584	0.412	1.08341138	MUP		Ipilimumab
SD7357	SD7357	skcm_mskcc_2014	Melanoma	Melanoma of Unknown Primary	1:DECEASED	1:DECEASED	1148	1515	50.8792872	2537.341507		87.33633964	2624.677847	591.4918199	264.1317169	222.5141832	639.8709958	168.4749012	0	A0201/A2402	B1801/B5501	C0303/C1203	NB	M1c		Female		1	50	skin and breast metastasis	Discovery_Set	3x4	DPA1_0103/DPA1_0103	DPB1_0101/DPB1_0401	DQA1_0501/DQA1_0505	DQB1_0201/DQB1_0301	DRB1_0301/DRB1_1201			BRAF P367L	21	234	Matched	37.9666666667			Met skin or soft tissue	4		post	0	0	0	0	86.64573152	0	164.9408615	0	79.90035883	0	12.17632637	3.535052098	0	174.7933003	128.8662594	0	0.046895885	0.246	1.074220438	MUP		Ipilimumab
